epoch,mse_loss,l1_loss,lambda_value,l2_loss,alpha,loss,t_oa,t_aa,t_k,v_oa,v_aa,v_k,oa,aa,k,min_cw,max_cw,avg_cw,min_s,max_s,avg_s,l0_cw,l0_s,selected_bands,selected_weights,weight_0,weight_1,weight_2,weight_3,weight_4,weight_5,weight_6,weight_7,weight_8,weight_9,weight_10,weight_11,weight_12,weight_13,weight_14,weight_15,weight_16,weight_17,weight_18,weight_19,weight_20,weight_21,weight_22,weight_23,weight_24,weight_25,weight_26,weight_27,weight_28,weight_29,weight_30,weight_31,weight_32,weight_33,weight_34,weight_35,weight_36,weight_37,weight_38,weight_39,weight_40,weight_41,weight_42,weight_43,weight_44,weight_45,weight_46,weight_47,weight_48,weight_49,weight_50,weight_51,weight_52,weight_53,weight_54,weight_55,weight_56,weight_57,weight_58,weight_59,weight_60,weight_61,weight_62,weight_63,weight_64,weight_65,weight_66,weight_67,weight_68,weight_69,weight_70,weight_71,weight_72,weight_73,weight_74,weight_75,weight_76,weight_77,weight_78,weight_79,weight_80,weight_81,weight_82,weight_83,weight_84,weight_85,weight_86,weight_87,weight_88,weight_89,weight_90,weight_91,weight_92,weight_93,weight_94,weight_95,weight_96,weight_97,weight_98,weight_99,weight_100,weight_101,weight_102,weight_103,weight_104,weight_105,weight_106,weight_107,weight_108,weight_109,weight_110,weight_111,weight_112,weight_113,weight_114,weight_115,weight_116,weight_117,weight_118,weight_119,weight_120,weight_121,weight_122,weight_123,weight_124,weight_125,weight_126,weight_127,weight_128,weight_129,weight_130,weight_131,weight_132,weight_133,weight_134,weight_135,weight_136,weight_137,weight_138,weight_139,weight_140,weight_141,weight_142,weight_143,weight_144,weight_145,weight_146,weight_147,weight_148,weight_149,weight_150,weight_151,weight_152,weight_153,weight_154,weight_155,weight_156,weight_157,weight_158,weight_159,weight_160,weight_161,weight_162,weight_163,weight_164,weight_165,weight_166,weight_167,weight_168,weight_169,weight_170,weight_171,weight_172,weight_173,weight_174,weight_175,weight_176,weight_177,weight_178,weight_179,weight_180,weight_181,weight_182,weight_183,weight_184,weight_185,weight_186,weight_187,weight_188,weight_189,weight_190,weight_191,weight_192,weight_193,weight_194,weight_195,weight_196,weight_197,weight_198,weight_199
0,2.918,100.022644,9.98e-05,0,0,2.928,0.042,0.03,0,0.054,0.038,0.008,0.761,0.736,0.726,0.414,0.581,0.5,0.414,0.581,0.5,200,200,16|65|76|5|132|189|52|101|97|102|183|73|4|109|169|196|194|89|110|107|54|56|6|195|18|68|159|152|129|77,0.581|0.569|0.566|0.564|0.564|0.56|0.559|0.559|0.556|0.551|0.55|0.549|0.548|0.548|0.548|0.546|0.546|0.544|0.543|0.541|0.541|0.538|0.538|0.538|0.537|0.536|0.536|0.536|0.535|0.534,0.416,0.495,0.474,0.478,0.548,0.564,0.538,0.532,0.486,0.483,0.504,0.445,0.455,0.482,0.516,0.502,0.581,0.476,0.537,0.499,0.478,0.506,0.497,0.508,0.496,0.456,0.465,0.503,0.433,0.528,0.51,0.463,0.519,0.489,0.466,0.503,0.505,0.443,0.466,0.471,0.525,0.522,0.527,0.455,0.512,0.529,0.517,0.513,0.49,0.483,0.473,0.462,0.559,0.442,0.541,0.457,0.538,0.487,0.502,0.473,0.508,0.469,0.495,0.527,0.5,0.569,0.501,0.514,0.536,0.502,0.476,0.466,0.483,0.549,0.532,0.472,0.566,0.534,0.503,0.502,0.513,0.508,0.501,0.502,0.504,0.514,0.458,0.527,0.463,0.544,0.52,0.509,0.441,0.5,0.533,0.525,0.52,0.556,0.508,0.512,0.477,0.559,0.551,0.519,0.528,0.508,0.511,0.541,0.516,0.548,0.543,0.456,0.455,0.485,0.484,0.528,0.505,0.493,0.473,0.468,0.514,0.519,0.513,0.472,0.478,0.495,0.497,0.509,0.487,0.535,0.502,0.501,0.564,0.444,0.514,0.528,0.479,0.426,0.487,0.511,0.513,0.47,0.475,0.442,0.488,0.511,0.472,0.482,0.502,0.502,0.479,0.514,0.536,0.416,0.466,0.525,0.524,0.499,0.485,0.536,0.509,0.495,0.501,0.473,0.466,0.485,0.472,0.526,0.51,0.548,0.484,0.49,0.472,0.514,0.508,0.518,0.486,0.486,0.461,0.522,0.484,0.414,0.525,0.55,0.475,0.482,0.524,0.504,0.481,0.56,0.432,0.531,0.484,0.489,0.546,0.538,0.546,0.467,0.531,0.493
10,0.584,96.8282623,9.78e-05,0,0,0.593,0.79,0.691,0.759,0.769,0.657,0.734,0.789,0.766,0.759,0.153,0.855,0.484,0.131,0.855,0.484,200,200,5|7|4|16|169|159|29|189|19|178|170|191|8|13|122|164|65|168|187|6|186|46|26|36|104|41|155|139|132|117,0.855|0.826|0.796|0.792|0.753|0.745|0.743|0.723|0.714|0.704|0.693|0.681|0.681|0.673|0.672|0.671|0.671|0.664|0.663|0.66|0.656|0.655|0.648|0.643|0.639|0.632|0.632|0.626|0.626|0.623,0.408,0.525,0.401,0.347,0.796,0.855,0.66,0.826,0.681,0.571,0.559,0.434,0.349,0.673,0.353,0.534,0.792,0.357,0.553,0.714,0.467,0.427,0.361,0.439,0.453,0.465,0.648,0.468,0.587,0.743,0.557,0.589,0.491,0.521,0.466,0.391,0.643,0.452,0.548,0.393,0.399,0.632,0.327,0.466,0.474,0.366,0.655,0.454,0.288,0.437,0.456,0.61,0.585,0.283,0.437,0.356,0.606,0.437,0.507,0.54,0.385,0.375,0.34,0.553,0.293,0.671,0.356,0.367,0.583,0.488,0.58,0.345,0.429,0.566,0.297,0.49,0.527,0.478,0.302,0.402,0.295,0.344,0.469,0.203,0.515,0.379,0.597,0.325,0.459,0.476,0.429,0.523,0.398,0.526,0.364,0.417,0.611,0.43,0.593,0.379,0.376,0.497,0.392,0.601,0.639,0.502,0.515,0.472,0.397,0.606,0.372,0.445,0.477,0.623,0.525,0.581,0.579,0.623,0.542,0.615,0.609,0.458,0.672,0.328,0.432,0.622,0.37,0.56,0.547,0.42,0.487,0.434,0.626,0.427,0.592,0.464,0.492,0.262,0.373,0.626,0.393,0.24,0.455,0.4,0.131,0.39,0.484,0.366,0.453,0.555,0.372,0.526,0.598,0.342,0.272,0.632,0.464,0.321,0.427,0.745,0.542,0.408,0.554,0.547,0.671,0.291,0.553,0.451,0.664,0.753,0.693,0.483,0.312,0.44,0.621,0.435,0.494,0.202,0.704,0.506,0.33,0.341,0.302,0.556,0.566,0.427,0.656,0.663,0.375,0.723,0.455,0.681,0.459,0.345,0.41,0.563,0.291,0.597,0.313,0.271
20,0.579,96.993103,9.59e-05,0,0,0.588,0.839,0.85,0.815,0.811,0.814,0.781,0.8,0.797,0.771,0.124,0.904,0.485,0.089,0.904,0.485,200,200,5|7|29|16|4|159|169|178|189|122|8|13|120|6|191|170|197|109|132|36|139|41|65|46|164|51|19|186|125|119,0.904|0.89|0.789|0.77|0.768|0.761|0.76|0.752|0.749|0.73|0.708|0.702|0.686|0.679|0.677|0.676|0.671|0.669|0.669|0.655|0.653|0.651|0.647|0.647|0.644|0.644|0.641|0.634|0.633|0.631,0.447,0.544,0.415,0.322,0.768,0.904,0.679,0.89,0.708,0.578,0.539,0.405,0.386,0.702,0.396,0.534,0.77,0.355,0.562,0.641,0.462,0.451,0.35,0.396,0.464,0.471,0.627,0.539,0.621,0.789,0.574,0.567,0.533,0.562,0.447,0.376,0.655,0.443,0.541,0.45,0.46,0.651,0.341,0.449,0.562,0.358,0.647,0.435,0.295,0.457,0.415,0.644,0.58,0.314,0.392,0.386,0.569,0.43,0.513,0.541,0.435,0.412,0.334,0.544,0.309,0.647,0.319,0.376,0.625,0.46,0.585,0.291,0.406,0.566,0.327,0.523,0.56,0.489,0.292,0.378,0.298,0.33,0.514,0.2,0.529,0.339,0.621,0.354,0.413,0.494,0.403,0.511,0.345,0.546,0.384,0.385,0.601,0.445,0.589,0.404,0.334,0.455,0.37,0.535,0.629,0.486,0.522,0.458,0.349,0.669,0.343,0.399,0.474,0.619,0.473,0.524,0.535,0.624,0.543,0.631,0.686,0.444,0.73,0.363,0.436,0.633,0.354,0.565,0.575,0.442,0.533,0.414,0.669,0.407,0.565,0.429,0.479,0.249,0.328,0.653,0.417,0.264,0.433,0.37,0.089,0.36,0.455,0.378,0.445,0.57,0.361,0.477,0.56,0.287,0.256,0.602,0.506,0.33,0.437,0.761,0.529,0.448,0.535,0.563,0.644,0.319,0.533,0.409,0.616,0.76,0.676,0.472,0.316,0.425,0.599,0.431,0.514,0.207,0.752,0.536,0.36,0.402,0.299,0.577,0.574,0.458,0.634,0.626,0.34,0.749,0.452,0.677,0.475,0.344,0.36,0.601,0.332,0.671,0.3,0.237
30,0.402,96.4423218,9.4e-05,0,0,0.411,0.877,0.877,0.86,0.847,0.784,0.824,0.778,0.765,0.745,0.13,0.89,0.482,0.095,0.89,0.482,200,200,7|5|29|4|16|169|13|8|159|122|178|189|19|36|41|187|139|170|109|26|46|65|168|174|197|132|164|104|191|6,0.89|0.847|0.771|0.771|0.752|0.732|0.732|0.729|0.723|0.716|0.709|0.686|0.677|0.676|0.672|0.67|0.669|0.668|0.661|0.657|0.656|0.651|0.65|0.65|0.642|0.638|0.634|0.624|0.617|0.616,0.471,0.552,0.434,0.364,0.771,0.847,0.616,0.89,0.729,0.543,0.533,0.445,0.392,0.732,0.347,0.485,0.752,0.35,0.514,0.677,0.479,0.476,0.373,0.383,0.477,0.467,0.657,0.516,0.59,0.771,0.572,0.573,0.533,0.563,0.489,0.361,0.676,0.456,0.584,0.479,0.428,0.672,0.338,0.431,0.548,0.382,0.656,0.434,0.296,0.509,0.443,0.582,0.574,0.28,0.454,0.359,0.543,0.42,0.496,0.536,0.378,0.411,0.312,0.526,0.325,0.651,0.316,0.39,0.548,0.493,0.572,0.321,0.379,0.542,0.301,0.497,0.546,0.493,0.298,0.406,0.349,0.341,0.484,0.237,0.539,0.365,0.573,0.329,0.399,0.465,0.4,0.5,0.363,0.523,0.378,0.42,0.565,0.436,0.567,0.38,0.368,0.495,0.328,0.568,0.624,0.521,0.44,0.475,0.357,0.661,0.294,0.43,0.465,0.608,0.453,0.531,0.518,0.602,0.479,0.603,0.6,0.469,0.716,0.315,0.433,0.594,0.35,0.553,0.552,0.42,0.526,0.404,0.638,0.4,0.55,0.422,0.476,0.235,0.374,0.669,0.424,0.248,0.455,0.399,0.095,0.388,0.476,0.422,0.463,0.574,0.339,0.474,0.571,0.313,0.322,0.597,0.506,0.41,0.405,0.723,0.5,0.42,0.507,0.51,0.634,0.356,0.554,0.438,0.65,0.732,0.668,0.494,0.277,0.407,0.65,0.366,0.539,0.261,0.709,0.493,0.387,0.385,0.294,0.549,0.568,0.421,0.598,0.67,0.368,0.686,0.424,0.617,0.51,0.395,0.415,0.561,0.401,0.642,0.293,0.282
40,0.299,96.9747467,9.21e-05,0,0,0.307,0.909,0.93,0.896,0.864,0.891,0.844,0.79,0.78,0.759,0.131,0.908,0.485,0.099,0.908,0.485,200,200,7|5|29|169|4|16|122|8|13|159|189|178|41|197|139|36|46|187|65|170|19|119|168|132|6|174|109|117|104|125,0.908|0.849|0.769|0.756|0.752|0.745|0.737|0.729|0.727|0.716|0.708|0.693|0.679|0.678|0.672|0.662|0.659|0.657|0.65|0.642|0.641|0.64|0.638|0.638|0.636|0.633|0.628|0.628|0.627|0.625,0.583,0.571,0.409,0.387,0.752,0.849,0.636,0.908,0.729,0.503,0.538,0.424,0.382,0.727,0.324,0.474,0.745,0.377,0.509,0.641,0.427,0.436,0.384,0.381,0.451,0.521,0.61,0.539,0.592,0.769,0.592,0.571,0.56,0.595,0.489,0.343,0.662,0.433,0.577,0.463,0.433,0.679,0.362,0.448,0.561,0.381,0.659,0.446,0.314,0.496,0.432,0.612,0.569,0.331,0.473,0.368,0.565,0.438,0.483,0.573,0.408,0.436,0.298,0.536,0.311,0.65,0.337,0.38,0.572,0.465,0.595,0.296,0.393,0.587,0.323,0.512,0.58,0.483,0.281,0.419,0.333,0.353,0.534,0.233,0.528,0.314,0.608,0.345,0.417,0.465,0.389,0.534,0.374,0.528,0.4,0.425,0.567,0.461,0.558,0.4,0.337,0.472,0.349,0.542,0.627,0.48,0.485,0.481,0.344,0.628,0.301,0.417,0.447,0.618,0.427,0.537,0.504,0.628,0.491,0.64,0.597,0.448,0.737,0.32,0.47,0.625,0.362,0.561,0.543,0.42,0.531,0.399,0.638,0.41,0.559,0.399,0.491,0.231,0.333,0.672,0.433,0.267,0.461,0.43,0.099,0.388,0.481,0.437,0.475,0.605,0.357,0.453,0.55,0.286,0.327,0.624,0.466,0.369,0.438,0.716,0.52,0.432,0.501,0.535,0.614,0.349,0.548,0.422,0.638,0.756,0.642,0.5,0.279,0.392,0.633,0.391,0.51,0.245,0.693,0.537,0.366,0.387,0.313,0.601,0.575,0.437,0.596,0.657,0.342,0.708,0.419,0.624,0.486,0.402,0.381,0.574,0.348,0.678,0.308,0.28
50,0.284,97.1038208,9.03e-05,0,0,0.292,0.909,0.938,0.897,0.859,0.84,0.839,0.778,0.756,0.746,0.131,0.928,0.486,0.098,0.928,0.485,200,200,7|5|4|29|8|16|159|169|13|122|178|189|197|109|41|168|19|36|187|46|170|65|139|132|191|174|164|119|125|104,0.928|0.847|0.784|0.775|0.766|0.752|0.747|0.743|0.739|0.733|0.73|0.707|0.693|0.692|0.686|0.679|0.678|0.678|0.676|0.67|0.666|0.666|0.66|0.654|0.652|0.644|0.639|0.634|0.626|0.625,0.548,0.568,0.41,0.348,0.784,0.847,0.623,0.928,0.766,0.513,0.557,0.43,0.382,0.739,0.301,0.471,0.752,0.37,0.495,0.678,0.468,0.479,0.373,0.414,0.423,0.49,0.62,0.568,0.612,0.775,0.58,0.583,0.537,0.573,0.48,0.341,0.678,0.443,0.585,0.466,0.438,0.686,0.325,0.465,0.545,0.378,0.67,0.477,0.288,0.516,0.441,0.595,0.558,0.319,0.459,0.379,0.553,0.427,0.502,0.58,0.408,0.395,0.298,0.552,0.326,0.666,0.311,0.361,0.564,0.473,0.586,0.309,0.384,0.547,0.295,0.501,0.567,0.503,0.265,0.392,0.344,0.344,0.513,0.213,0.529,0.341,0.575,0.355,0.422,0.463,0.379,0.521,0.363,0.532,0.388,0.406,0.562,0.431,0.549,0.425,0.321,0.508,0.347,0.569,0.625,0.478,0.454,0.46,0.34,0.692,0.254,0.401,0.472,0.621,0.456,0.527,0.509,0.61,0.528,0.634,0.611,0.456,0.733,0.286,0.443,0.626,0.35,0.559,0.579,0.393,0.521,0.405,0.654,0.421,0.549,0.398,0.513,0.213,0.341,0.66,0.421,0.247,0.459,0.403,0.098,0.4,0.468,0.413,0.504,0.598,0.358,0.446,0.601,0.307,0.33,0.607,0.52,0.389,0.427,0.747,0.525,0.449,0.51,0.511,0.639,0.349,0.544,0.406,0.679,0.743,0.666,0.502,0.26,0.4,0.644,0.391,0.549,0.265,0.73,0.514,0.347,0.395,0.319,0.554,0.553,0.446,0.587,0.676,0.35,0.707,0.431,0.652,0.508,0.4,0.38,0.579,0.364,0.693,0.284,0.276
60,0.244,98.2064667,8.85e-05,0,0,0.253,0.937,0.947,0.929,0.882,0.909,0.865,0.785,0.77,0.754,0.117,0.953,0.491,0.084,0.953,0.49,200,200,7|5|29|16|169|178|8|159|122|189|13|109|168|4|187|41|19|197|170|191|104|46|132|65|164|28|30|26|139|6,0.953|0.876|0.819|0.806|0.793|0.792|0.791|0.788|0.765|0.761|0.742|0.737|0.735|0.728|0.719|0.718|0.718|0.717|0.708|0.706|0.689|0.683|0.675|0.673|0.672|0.665|0.665|0.662|0.662|0.661,0.576,0.54,0.395,0.292,0.728,0.876,0.661,0.953,0.791,0.518,0.561,0.409,0.384,0.742,0.298,0.507,0.806,0.385,0.529,0.718,0.492,0.478,0.343,0.475,0.386,0.448,0.662,0.588,0.665,0.819,0.665,0.623,0.553,0.573,0.456,0.359,0.652,0.426,0.534,0.444,0.357,0.718,0.322,0.457,0.575,0.364,0.683,0.453,0.266,0.499,0.484,0.608,0.604,0.341,0.411,0.405,0.572,0.403,0.516,0.564,0.396,0.416,0.297,0.533,0.312,0.673,0.32,0.379,0.576,0.482,0.607,0.293,0.419,0.535,0.311,0.453,0.576,0.474,0.27,0.377,0.348,0.349,0.514,0.165,0.539,0.321,0.614,0.362,0.4,0.468,0.417,0.483,0.375,0.541,0.377,0.408,0.61,0.422,0.544,0.431,0.314,0.43,0.34,0.558,0.689,0.443,0.495,0.441,0.357,0.737,0.22,0.335,0.489,0.651,0.486,0.507,0.515,0.634,0.555,0.652,0.643,0.465,0.765,0.293,0.422,0.647,0.378,0.579,0.591,0.387,0.518,0.449,0.675,0.366,0.593,0.406,0.494,0.17,0.282,0.662,0.39,0.225,0.425,0.391,0.084,0.388,0.434,0.411,0.563,0.645,0.417,0.45,0.613,0.264,0.265,0.624,0.564,0.362,0.436,0.788,0.538,0.473,0.558,0.543,0.672,0.337,0.551,0.356,0.735,0.793,0.708,0.538,0.305,0.37,0.605,0.374,0.529,0.246,0.792,0.582,0.296,0.408,0.339,0.545,0.594,0.501,0.612,0.719,0.332,0.761,0.424,0.706,0.552,0.372,0.336,0.623,0.336,0.717,0.325,0.265
70,0.236,97.215332,8.68e-05,0,0,0.244,0.916,0.935,0.905,0.861,0.855,0.841,0.778,0.759,0.745,0.125,0.94,0.486,0.092,0.94,0.485,200,200,7|5|29|16|169|159|4|178|8|13|122|109|41|189|168|187|46|197|139|19|170|104|191|65|36|132|164|155|125|117,0.94|0.823|0.775|0.775|0.768|0.763|0.761|0.755|0.754|0.741|0.725|0.716|0.709|0.706|0.695|0.688|0.684|0.684|0.677|0.676|0.674|0.672|0.657|0.654|0.651|0.651|0.644|0.629|0.62|0.617,0.585,0.555,0.425,0.319,0.761,0.823,0.586,0.94,0.754,0.491,0.567,0.43,0.385,0.741,0.302,0.485,0.775,0.38,0.515,0.676,0.474,0.502,0.38,0.41,0.418,0.473,0.612,0.601,0.602,0.775,0.57,0.603,0.543,0.571,0.488,0.372,0.651,0.429,0.578,0.495,0.415,0.709,0.349,0.475,0.557,0.389,0.684,0.442,0.282,0.53,0.45,0.612,0.586,0.313,0.476,0.358,0.557,0.424,0.498,0.532,0.349,0.397,0.333,0.535,0.281,0.654,0.308,0.386,0.549,0.478,0.565,0.297,0.402,0.528,0.292,0.484,0.552,0.471,0.265,0.397,0.351,0.342,0.516,0.217,0.557,0.355,0.595,0.379,0.389,0.422,0.396,0.494,0.388,0.506,0.396,0.392,0.574,0.457,0.519,0.403,0.334,0.449,0.315,0.574,0.672,0.42,0.451,0.453,0.353,0.716,0.258,0.39,0.508,0.598,0.452,0.514,0.515,0.617,0.55,0.601,0.606,0.455,0.725,0.272,0.419,0.62,0.369,0.551,0.562,0.391,0.517,0.414,0.651,0.406,0.545,0.447,0.485,0.207,0.332,0.677,0.427,0.248,0.453,0.361,0.092,0.387,0.472,0.435,0.54,0.599,0.351,0.473,0.578,0.271,0.337,0.629,0.512,0.417,0.426,0.763,0.521,0.45,0.525,0.514,0.644,0.391,0.577,0.38,0.695,0.768,0.674,0.513,0.289,0.393,0.609,0.384,0.552,0.265,0.755,0.531,0.333,0.381,0.329,0.562,0.553,0.456,0.57,0.688,0.381,0.706,0.449,0.657,0.546,0.417,0.382,0.566,0.368,0.684,0.341,0.281
80,0.16,97.7616196,8.5e-05,0,0,0.168,0.943,0.964,0.936,0.873,0.846,0.855,0.771,0.752,0.738,0.146,0.927,0.489,0.125,0.927,0.488,200,200,7|5|29|4|16|8|169|159|13|178|122|189|41|197|109|168|187|46|36|19|65|139|191|170|132|164|155|104|174|125,0.927|0.808|0.766|0.756|0.749|0.737|0.736|0.735|0.73|0.727|0.706|0.705|0.699|0.692|0.689|0.681|0.666|0.662|0.662|0.661|0.661|0.653|0.645|0.641|0.64|0.639|0.631|0.619|0.618|0.616,0.584,0.543,0.411,0.329,0.756,0.808,0.587,0.927,0.737,0.479,0.564,0.443,0.401,0.73,0.304,0.494,0.749,0.374,0.517,0.661,0.481,0.493,0.367,0.423,0.41,0.484,0.613,0.565,0.602,0.766,0.575,0.587,0.555,0.575,0.5,0.362,0.662,0.433,0.581,0.488,0.416,0.699,0.356,0.491,0.575,0.399,0.662,0.452,0.301,0.511,0.461,0.597,0.605,0.325,0.471,0.372,0.544,0.437,0.498,0.555,0.408,0.413,0.316,0.552,0.327,0.661,0.334,0.382,0.544,0.482,0.564,0.299,0.396,0.531,0.318,0.487,0.559,0.485,0.291,0.428,0.358,0.369,0.548,0.224,0.549,0.351,0.599,0.353,0.411,0.445,0.394,0.496,0.41,0.522,0.406,0.43,0.56,0.43,0.529,0.431,0.327,0.467,0.345,0.573,0.619,0.468,0.439,0.468,0.354,0.689,0.299,0.406,0.488,0.598,0.447,0.515,0.518,0.594,0.542,0.605,0.594,0.459,0.706,0.281,0.449,0.616,0.363,0.559,0.544,0.411,0.506,0.394,0.64,0.399,0.538,0.439,0.494,0.229,0.344,0.653,0.414,0.266,0.473,0.38,0.125,0.415,0.506,0.43,0.52,0.603,0.365,0.502,0.56,0.301,0.362,0.631,0.51,0.432,0.414,0.735,0.518,0.444,0.516,0.502,0.639,0.382,0.563,0.413,0.681,0.736,0.641,0.521,0.291,0.395,0.618,0.394,0.542,0.271,0.727,0.52,0.348,0.411,0.345,0.56,0.564,0.454,0.575,0.666,0.377,0.705,0.462,0.645,0.555,0.418,0.414,0.57,0.364,0.692,0.342,0.302
90,0.093,100.0215149,8.34e-05,0,0,0.101,0.946,0.959,0.939,0.882,0.859,0.865,0.798,0.761,0.769,0.149,0.948,0.5,0.126,0.948,0.499,200,200,7|5|29|16|169|159|8|189|178|168|122|13|197|4|19|191|104|109|170|132|164|187|119|28|41|46|65|30|113|149,0.948|0.862|0.821|0.785|0.782|0.772|0.772|0.765|0.763|0.756|0.749|0.743|0.738|0.726|0.717|0.702|0.691|0.691|0.686|0.685|0.683|0.68|0.669|0.668|0.665|0.663|0.658|0.658|0.656|0.656,0.583,0.543,0.4,0.289,0.726,0.862,0.653,0.948,0.772,0.506,0.556,0.436,0.387,0.743,0.319,0.511,0.785,0.413,0.549,0.717,0.513,0.488,0.355,0.504,0.407,0.465,0.645,0.629,0.668,0.821,0.658,0.593,0.568,0.571,0.46,0.383,0.618,0.435,0.552,0.459,0.428,0.665,0.336,0.462,0.58,0.376,0.663,0.455,0.281,0.514,0.478,0.623,0.598,0.34,0.443,0.387,0.583,0.428,0.494,0.563,0.429,0.451,0.323,0.556,0.338,0.658,0.313,0.407,0.58,0.48,0.623,0.266,0.441,0.57,0.327,0.481,0.566,0.493,0.283,0.421,0.362,0.37,0.545,0.199,0.537,0.35,0.59,0.382,0.442,0.502,0.414,0.53,0.389,0.566,0.395,0.413,0.598,0.39,0.556,0.48,0.319,0.413,0.387,0.549,0.691,0.444,0.493,0.437,0.394,0.691,0.267,0.379,0.53,0.656,0.505,0.521,0.504,0.601,0.569,0.669,0.644,0.47,0.749,0.311,0.469,0.629,0.386,0.608,0.594,0.376,0.523,0.437,0.685,0.37,0.587,0.418,0.504,0.203,0.293,0.641,0.415,0.237,0.432,0.414,0.126,0.397,0.467,0.392,0.57,0.656,0.425,0.482,0.622,0.244,0.296,0.64,0.561,0.418,0.432,0.772,0.559,0.493,0.537,0.531,0.683,0.35,0.584,0.357,0.756,0.782,0.686,0.561,0.321,0.414,0.595,0.376,0.539,0.264,0.763,0.563,0.311,0.402,0.369,0.561,0.579,0.493,0.617,0.68,0.36,0.765,0.441,0.702,0.597,0.438,0.359,0.626,0.342,0.738,0.339,0.332
100,0.288,99.6893158,8.17e-05,0,0,0.296,0.889,0.901,0.874,0.848,0.867,0.827,0.809,0.798,0.781,0.139,0.955,0.498,0.109,0.955,0.498,200,200,7|5|29|8|169|122|189|16|159|197|178|4|168|13|19|191|170|41|109|132|187|113|164|46|65|119|149|26|36|139,0.955|0.873|0.8|0.785|0.782|0.779|0.776|0.775|0.769|0.762|0.756|0.747|0.743|0.743|0.713|0.698|0.696|0.685|0.684|0.684|0.681|0.678|0.676|0.672|0.667|0.666|0.664|0.664|0.657|0.657,0.571,0.594,0.39,0.317,0.747,0.873,0.631,0.955,0.785,0.481,0.579,0.44,0.38,0.743,0.279,0.496,0.775,0.392,0.53,0.713,0.474,0.477,0.334,0.471,0.424,0.471,0.664,0.6,0.654,0.8,0.626,0.595,0.591,0.585,0.459,0.371,0.657,0.404,0.57,0.466,0.424,0.685,0.328,0.452,0.595,0.366,0.672,0.489,0.274,0.558,0.445,0.645,0.576,0.319,0.46,0.392,0.59,0.466,0.506,0.614,0.429,0.467,0.308,0.584,0.321,0.667,0.307,0.361,0.6,0.464,0.619,0.259,0.381,0.627,0.313,0.481,0.598,0.485,0.275,0.427,0.365,0.379,0.565,0.209,0.551,0.32,0.612,0.336,0.471,0.5,0.398,0.526,0.374,0.566,0.377,0.406,0.612,0.4,0.58,0.448,0.336,0.452,0.375,0.518,0.657,0.455,0.452,0.487,0.373,0.684,0.26,0.402,0.486,0.678,0.444,0.546,0.472,0.61,0.545,0.666,0.654,0.432,0.779,0.249,0.532,0.628,0.377,0.593,0.612,0.393,0.55,0.429,0.684,0.37,0.584,0.385,0.538,0.165,0.308,0.657,0.435,0.256,0.453,0.413,0.109,0.403,0.499,0.389,0.524,0.664,0.393,0.492,0.615,0.243,0.326,0.635,0.549,0.438,0.383,0.769,0.55,0.475,0.56,0.522,0.676,0.31,0.597,0.349,0.743,0.782,0.696,0.554,0.293,0.38,0.629,0.351,0.548,0.248,0.756,0.533,0.327,0.412,0.331,0.584,0.586,0.471,0.617,0.681,0.343,0.776,0.42,0.698,0.583,0.443,0.363,0.625,0.323,0.762,0.308,0.328
110,0.152,99.3143005,8.01e-05,0,0,0.16,0.959,0.979,0.953,0.886,0.908,0.87,0.785,0.762,0.753,0.112,0.954,0.497,0.075,0.954,0.496,200,200,7|5|16|29|159|169|4|8|122|168|178|13|189|197|41|109|19|187|191|132|46|65|164|170|139|104|26|149|155|36,0.954|0.85|0.79|0.781|0.774|0.768|0.763|0.757|0.757|0.745|0.742|0.741|0.734|0.721|0.716|0.71|0.7|0.698|0.682|0.679|0.677|0.676|0.671|0.666|0.662|0.661|0.647|0.647|0.643|0.642,0.559,0.583,0.381,0.303,0.763,0.85,0.592,0.954,0.757,0.475,0.575,0.456,0.4,0.741,0.291,0.476,0.79,0.373,0.543,0.7,0.499,0.512,0.343,0.444,0.405,0.448,0.647,0.604,0.619,0.781,0.584,0.6,0.567,0.568,0.498,0.368,0.642,0.431,0.583,0.483,0.427,0.716,0.338,0.458,0.568,0.385,0.677,0.479,0.264,0.548,0.448,0.601,0.576,0.316,0.464,0.391,0.568,0.428,0.52,0.554,0.411,0.434,0.316,0.575,0.32,0.676,0.322,0.37,0.567,0.506,0.604,0.287,0.393,0.581,0.344,0.484,0.571,0.508,0.287,0.427,0.381,0.375,0.537,0.225,0.538,0.347,0.604,0.36,0.444,0.477,0.406,0.509,0.379,0.535,0.385,0.399,0.581,0.4,0.551,0.439,0.347,0.452,0.329,0.545,0.661,0.471,0.424,0.472,0.405,0.71,0.291,0.417,0.499,0.639,0.491,0.548,0.516,0.614,0.543,0.623,0.64,0.432,0.757,0.286,0.476,0.635,0.393,0.594,0.602,0.395,0.535,0.426,0.679,0.373,0.556,0.42,0.525,0.183,0.331,0.662,0.434,0.234,0.451,0.41,0.075,0.408,0.511,0.402,0.539,0.647,0.382,0.532,0.605,0.266,0.338,0.643,0.538,0.467,0.401,0.774,0.54,0.473,0.526,0.516,0.671,0.352,0.579,0.353,0.745,0.768,0.666,0.526,0.285,0.382,0.635,0.354,0.55,0.262,0.742,0.536,0.358,0.413,0.326,0.553,0.587,0.489,0.605,0.698,0.354,0.734,0.429,0.682,0.593,0.408,0.419,0.6,0.362,0.721,0.323,0.313
120,0.117,99.9080048,7.85e-05,0,0,0.125,0.963,0.977,0.958,0.879,0.868,0.861,0.777,0.759,0.744,0.103,0.959,0.5,0.071,0.959,0.499,200,200,7|5|29|4|159|16|169|122|8|13|178|189|41|168|109|19|197|187|164|46|132|170|191|155|139|65|36|120|104|113,0.959|0.86|0.808|0.796|0.793|0.787|0.781|0.778|0.774|0.759|0.758|0.749|0.743|0.733|0.733|0.725|0.717|0.711|0.695|0.682|0.682|0.679|0.677|0.677|0.673|0.671|0.663|0.657|0.655|0.654,0.594,0.597,0.36,0.282,0.796,0.86,0.601,0.959,0.774,0.492,0.576,0.454,0.408,0.759,0.303,0.478,0.787,0.359,0.533,0.725,0.48,0.505,0.322,0.458,0.399,0.467,0.639,0.628,0.646,0.808,0.605,0.584,0.556,0.592,0.505,0.367,0.663,0.439,0.588,0.471,0.428,0.743,0.366,0.459,0.571,0.377,0.682,0.499,0.257,0.553,0.432,0.636,0.59,0.303,0.465,0.38,0.582,0.427,0.507,0.567,0.413,0.441,0.312,0.583,0.326,0.671,0.293,0.371,0.574,0.509,0.592,0.271,0.386,0.589,0.326,0.506,0.57,0.505,0.259,0.419,0.376,0.366,0.55,0.221,0.55,0.338,0.612,0.374,0.442,0.49,0.402,0.516,0.368,0.557,0.377,0.393,0.571,0.404,0.553,0.45,0.322,0.458,0.344,0.551,0.655,0.485,0.443,0.464,0.373,0.733,0.297,0.412,0.494,0.654,0.478,0.541,0.521,0.631,0.56,0.624,0.657,0.427,0.778,0.279,0.473,0.641,0.366,0.589,0.595,0.398,0.536,0.394,0.682,0.388,0.562,0.426,0.537,0.16,0.318,0.673,0.427,0.257,0.464,0.406,0.071,0.414,0.514,0.417,0.54,0.649,0.372,0.543,0.573,0.254,0.329,0.677,0.532,0.457,0.415,0.793,0.557,0.483,0.539,0.543,0.695,0.341,0.597,0.394,0.733,0.781,0.679,0.513,0.295,0.391,0.644,0.363,0.56,0.254,0.758,0.533,0.353,0.415,0.324,0.576,0.585,0.489,0.63,0.711,0.351,0.749,0.452,0.677,0.602,0.412,0.407,0.611,0.342,0.717,0.326,0.294
130,0.118,99.6481934,7.7e-05,0,0,0.125,0.96,0.969,0.954,0.879,0.892,0.861,0.802,0.794,0.773,0.112,0.96,0.498,0.078,0.96,0.497,200,200,7|5|29|16|159|4|122|8|13|169|189|178|41|197|168|19|109|187|46|191|170|132|164|65|120|36|174|155|113|149,0.96|0.855|0.798|0.789|0.788|0.771|0.771|0.77|0.764|0.763|0.753|0.741|0.729|0.725|0.716|0.703|0.7|0.696|0.693|0.69|0.682|0.676|0.673|0.67|0.661|0.657|0.657|0.657|0.657|0.655,0.575,0.605,0.356,0.313,0.771,0.855,0.588,0.96,0.77,0.466,0.6,0.457,0.396,0.764,0.301,0.463,0.789,0.366,0.54,0.703,0.469,0.478,0.327,0.443,0.39,0.486,0.633,0.615,0.621,0.798,0.602,0.601,0.544,0.578,0.501,0.374,0.657,0.428,0.591,0.478,0.424,0.729,0.335,0.468,0.572,0.383,0.693,0.489,0.266,0.536,0.416,0.619,0.582,0.307,0.482,0.409,0.58,0.438,0.529,0.579,0.425,0.429,0.305,0.594,0.313,0.67,0.29,0.371,0.574,0.499,0.61,0.274,0.39,0.609,0.311,0.508,0.594,0.502,0.282,0.402,0.365,0.367,0.543,0.219,0.545,0.342,0.628,0.347,0.462,0.506,0.393,0.506,0.353,0.563,0.385,0.395,0.59,0.392,0.561,0.44,0.348,0.464,0.333,0.546,0.653,0.457,0.45,0.508,0.375,0.7,0.281,0.432,0.488,0.657,0.461,0.55,0.514,0.614,0.559,0.644,0.661,0.43,0.771,0.269,0.478,0.64,0.378,0.601,0.595,0.403,0.548,0.399,0.676,0.369,0.563,0.413,0.557,0.156,0.323,0.649,0.447,0.269,0.459,0.416,0.078,0.403,0.531,0.404,0.515,0.655,0.359,0.585,0.579,0.25,0.346,0.657,0.514,0.461,0.388,0.788,0.558,0.467,0.522,0.555,0.673,0.331,0.586,0.361,0.716,0.763,0.682,0.512,0.296,0.384,0.657,0.367,0.551,0.255,0.741,0.513,0.36,0.43,0.323,0.578,0.59,0.477,0.615,0.696,0.332,0.753,0.432,0.69,0.585,0.432,0.432,0.613,0.329,0.725,0.322,0.338
140,0.154,99.1944504,7.54e-05,0,0,0.161,0.957,0.974,0.951,0.883,0.88,0.866,0.771,0.75,0.738,0.12,0.953,0.496,0.091,0.953,0.495,200,200,7|5|16|29|169|159|4|13|8|178|122|168|41|109|189|197|65|187|46|139|170|36|19|191|164|132|155|174|104|120,0.953|0.827|0.79|0.789|0.785|0.779|0.779|0.774|0.766|0.753|0.75|0.729|0.728|0.726|0.722|0.718|0.701|0.698|0.692|0.688|0.679|0.679|0.673|0.67|0.659|0.658|0.651|0.648|0.646|0.636,0.602,0.59,0.374,0.319,0.779,0.827,0.578,0.953,0.766,0.493,0.572,0.451,0.378,0.774,0.296,0.48,0.79,0.359,0.541,0.673,0.46,0.509,0.351,0.433,0.429,0.488,0.614,0.626,0.586,0.789,0.583,0.567,0.551,0.595,0.506,0.369,0.679,0.444,0.594,0.499,0.394,0.728,0.363,0.472,0.571,0.404,0.692,0.451,0.285,0.535,0.443,0.624,0.582,0.301,0.455,0.36,0.564,0.447,0.503,0.573,0.417,0.399,0.342,0.574,0.311,0.701,0.323,0.399,0.564,0.499,0.577,0.285,0.394,0.578,0.299,0.51,0.562,0.497,0.257,0.442,0.369,0.37,0.55,0.246,0.555,0.343,0.616,0.37,0.408,0.45,0.432,0.502,0.383,0.536,0.386,0.419,0.555,0.424,0.523,0.41,0.329,0.471,0.328,0.576,0.646,0.463,0.446,0.474,0.371,0.726,0.29,0.405,0.508,0.603,0.452,0.529,0.528,0.62,0.549,0.61,0.636,0.418,0.75,0.283,0.429,0.628,0.384,0.587,0.556,0.402,0.523,0.415,0.658,0.38,0.544,0.425,0.535,0.154,0.35,0.688,0.438,0.26,0.476,0.376,0.091,0.391,0.52,0.429,0.519,0.623,0.351,0.594,0.57,0.294,0.351,0.651,0.527,0.435,0.437,0.779,0.569,0.449,0.506,0.533,0.659,0.382,0.597,0.368,0.729,0.785,0.679,0.497,0.288,0.397,0.648,0.372,0.532,0.253,0.753,0.556,0.353,0.441,0.345,0.577,0.574,0.449,0.596,0.698,0.375,0.722,0.423,0.67,0.581,0.418,0.437,0.563,0.358,0.718,0.367,0.276
150,0.067,100.6956482,7.39e-05,0,0,0.075,0.969,0.979,0.965,0.882,0.901,0.865,0.788,0.78,0.757,0.135,0.965,0.503,0.11,0.965,0.502,200,200,7|5|29|16|8|159|189|169|122|178|13|4|168|197|187|191|41|109|19|164|155|46|65|170|149|139|26|132|120|28,0.965|0.852|0.82|0.793|0.791|0.783|0.768|0.767|0.764|0.761|0.753|0.749|0.743|0.733|0.712|0.708|0.707|0.706|0.705|0.684|0.676|0.673|0.672|0.671|0.668|0.665|0.661|0.661|0.658|0.658,0.602,0.577,0.392,0.294,0.749,0.852,0.619,0.965,0.791,0.524,0.555,0.471,0.398,0.753,0.303,0.491,0.793,0.4,0.543,0.705,0.487,0.496,0.358,0.48,0.4,0.481,0.661,0.649,0.658,0.82,0.636,0.572,0.551,0.591,0.496,0.395,0.655,0.432,0.579,0.455,0.414,0.707,0.332,0.456,0.59,0.389,0.673,0.473,0.256,0.556,0.436,0.615,0.584,0.334,0.476,0.379,0.583,0.456,0.508,0.566,0.436,0.466,0.319,0.575,0.314,0.672,0.312,0.381,0.592,0.512,0.604,0.271,0.4,0.591,0.319,0.479,0.576,0.498,0.286,0.419,0.378,0.374,0.541,0.23,0.558,0.361,0.613,0.369,0.459,0.46,0.406,0.519,0.395,0.556,0.389,0.402,0.581,0.408,0.537,0.465,0.309,0.444,0.365,0.568,0.64,0.458,0.468,0.481,0.377,0.706,0.286,0.393,0.527,0.656,0.489,0.542,0.531,0.621,0.56,0.638,0.658,0.429,0.764,0.274,0.465,0.631,0.396,0.606,0.587,0.4,0.529,0.44,0.661,0.376,0.568,0.442,0.534,0.17,0.299,0.665,0.438,0.263,0.439,0.392,0.11,0.404,0.509,0.404,0.551,0.668,0.384,0.612,0.591,0.25,0.319,0.676,0.544,0.472,0.419,0.783,0.592,0.469,0.557,0.549,0.684,0.363,0.604,0.351,0.743,0.767,0.671,0.533,0.329,0.385,0.623,0.361,0.53,0.263,0.761,0.553,0.33,0.433,0.362,0.593,0.592,0.507,0.603,0.712,0.367,0.768,0.458,0.708,0.614,0.433,0.399,0.602,0.312,0.733,0.358,0.308
160,0.066,99.8439102,7.25e-05,0,0,0.074,0.974,0.982,0.97,0.894,0.904,0.879,0.811,0.8,0.783,0.114,0.96,0.499,0.086,0.96,0.498,200,200,7|5|16|159|29|169|8|4|122|13|168|178|41|189|109|197|19|187|164|65|46|132|191|149|139|26|155|36|125|113,0.96|0.841|0.806|0.797|0.79|0.784|0.781|0.772|0.762|0.759|0.742|0.741|0.74|0.726|0.725|0.713|0.704|0.703|0.7|0.693|0.684|0.669|0.668|0.667|0.661|0.658|0.657|0.657|0.652|0.65,0.601,0.591,0.359,0.31,0.772,0.841,0.57,0.96,0.781,0.496,0.584,0.493,0.399,0.759,0.296,0.479,0.806,0.368,0.553,0.704,0.501,0.51,0.354,0.446,0.405,0.459,0.658,0.64,0.594,0.79,0.573,0.604,0.535,0.566,0.505,0.365,0.657,0.44,0.58,0.47,0.394,0.74,0.356,0.475,0.568,0.412,0.684,0.481,0.245,0.545,0.433,0.592,0.593,0.305,0.469,0.382,0.552,0.406,0.502,0.574,0.403,0.423,0.331,0.578,0.31,0.693,0.282,0.367,0.556,0.513,0.591,0.27,0.381,0.575,0.339,0.499,0.56,0.501,0.27,0.42,0.39,0.381,0.531,0.252,0.555,0.372,0.604,0.369,0.429,0.456,0.419,0.516,0.366,0.556,0.391,0.404,0.57,0.419,0.545,0.431,0.329,0.432,0.327,0.585,0.645,0.443,0.411,0.481,0.382,0.725,0.287,0.417,0.527,0.65,0.5,0.537,0.542,0.628,0.559,0.62,0.65,0.435,0.762,0.271,0.449,0.652,0.385,0.607,0.588,0.366,0.553,0.43,0.669,0.381,0.551,0.456,0.543,0.157,0.35,0.661,0.441,0.242,0.44,0.382,0.086,0.387,0.55,0.409,0.553,0.667,0.363,0.607,0.595,0.272,0.337,0.657,0.535,0.505,0.432,0.797,0.563,0.448,0.522,0.53,0.7,0.348,0.619,0.361,0.742,0.784,0.646,0.516,0.325,0.417,0.642,0.354,0.544,0.263,0.741,0.538,0.358,0.42,0.364,0.575,0.577,0.489,0.596,0.703,0.37,0.726,0.458,0.668,0.618,0.401,0.43,0.58,0.339,0.713,0.325,0.28
170,0.158,100.6103668,7.1e-05,0,0,0.165,0.964,0.977,0.959,0.894,0.885,0.879,0.801,0.759,0.772,0.134,0.957,0.503,0.111,0.957,0.502,200,200,7|5|29|16|159|8|178|169|168|13|189|122|4|109|19|197|187|41|65|191|132|164|104|46|139|26|149|36|113|120,0.957|0.834|0.824|0.792|0.788|0.784|0.773|0.768|0.761|0.76|0.753|0.75|0.749|0.738|0.712|0.706|0.704|0.703|0.697|0.684|0.684|0.682|0.681|0.678|0.674|0.671|0.663|0.657|0.655|0.647,0.602,0.555,0.395,0.283,0.749,0.834,0.616,0.957,0.784,0.566,0.543,0.481,0.42,0.76,0.317,0.535,0.792,0.402,0.54,0.712,0.516,0.528,0.343,0.488,0.377,0.44,0.671,0.623,0.638,0.824,0.617,0.593,0.501,0.554,0.466,0.395,0.657,0.469,0.565,0.473,0.397,0.703,0.341,0.436,0.553,0.417,0.678,0.466,0.24,0.536,0.478,0.573,0.615,0.315,0.444,0.384,0.576,0.424,0.515,0.552,0.381,0.438,0.311,0.528,0.327,0.697,0.328,0.4,0.573,0.498,0.588,0.294,0.407,0.517,0.324,0.45,0.555,0.506,0.285,0.421,0.409,0.4,0.516,0.219,0.581,0.381,0.603,0.408,0.413,0.455,0.424,0.517,0.405,0.548,0.405,0.435,0.55,0.412,0.513,0.469,0.305,0.426,0.347,0.591,0.681,0.409,0.45,0.476,0.451,0.738,0.302,0.368,0.551,0.655,0.522,0.526,0.532,0.605,0.589,0.62,0.647,0.43,0.75,0.309,0.424,0.636,0.404,0.591,0.591,0.372,0.525,0.467,0.684,0.403,0.553,0.478,0.512,0.183,0.299,0.674,0.442,0.253,0.437,0.373,0.111,0.424,0.51,0.399,0.595,0.663,0.39,0.633,0.622,0.311,0.32,0.635,0.591,0.504,0.471,0.788,0.613,0.476,0.534,0.553,0.682,0.345,0.6,0.365,0.761,0.768,0.622,0.514,0.329,0.393,0.613,0.361,0.527,0.273,0.773,0.552,0.322,0.418,0.374,0.587,0.556,0.542,0.615,0.704,0.373,0.753,0.447,0.684,0.628,0.415,0.409,0.589,0.361,0.706,0.367,0.259
180,0.13,100.7010422,6.96e-05,0,0,0.137,0.963,0.979,0.957,0.876,0.9,0.858,0.815,0.781,0.788,0.106,0.969,0.504,0.076,0.969,0.503,200,200,7|5|29|159|4|16|169|122|13|8|41|189|178|168|197|109|19|187|65|164|46|191|132|139|149|36|174|27|119|120,0.969|0.854|0.801|0.788|0.788|0.787|0.785|0.775|0.775|0.771|0.748|0.748|0.747|0.743|0.728|0.714|0.708|0.706|0.693|0.691|0.687|0.684|0.678|0.671|0.67|0.668|0.661|0.657|0.656|0.656,0.606,0.608,0.377,0.313,0.788,0.854,0.581,0.969,0.771,0.511,0.595,0.468,0.4,0.775,0.297,0.469,0.787,0.367,0.542,0.708,0.472,0.485,0.334,0.425,0.402,0.491,0.654,0.657,0.602,0.801,0.589,0.598,0.547,0.591,0.52,0.365,0.668,0.43,0.589,0.476,0.414,0.748,0.354,0.47,0.563,0.388,0.687,0.476,0.264,0.572,0.425,0.63,0.589,0.314,0.471,0.387,0.552,0.434,0.523,0.569,0.414,0.446,0.316,0.582,0.324,0.693,0.301,0.361,0.575,0.519,0.608,0.272,0.387,0.594,0.35,0.502,0.584,0.509,0.276,0.419,0.378,0.375,0.545,0.235,0.537,0.347,0.624,0.369,0.441,0.469,0.411,0.51,0.377,0.56,0.387,0.397,0.574,0.392,0.546,0.422,0.328,0.47,0.353,0.568,0.646,0.456,0.433,0.507,0.385,0.714,0.286,0.423,0.511,0.652,0.483,0.55,0.526,0.636,0.558,0.656,0.656,0.446,0.775,0.285,0.469,0.642,0.404,0.603,0.592,0.416,0.561,0.413,0.678,0.4,0.569,0.45,0.57,0.18,0.346,0.671,0.45,0.26,0.457,0.408,0.076,0.405,0.529,0.44,0.529,0.67,0.329,0.605,0.568,0.294,0.356,0.636,0.537,0.503,0.437,0.788,0.583,0.46,0.532,0.536,0.691,0.359,0.604,0.377,0.743,0.785,0.655,0.513,0.318,0.398,0.661,0.365,0.532,0.243,0.747,0.528,0.374,0.429,0.341,0.588,0.598,0.485,0.615,0.706,0.358,0.748,0.443,0.684,0.609,0.427,0.439,0.598,0.341,0.728,0.325,0.3
190,0.042,100.7801208,6.82e-05,0,0,0.049,0.981,0.985,0.978,0.884,0.88,0.868,0.785,0.769,0.753,0.127,0.956,0.504,0.1,0.956,0.503,200,200,7|5|16|29|8|159|169|4|122|168|13|189|178|19|197|109|187|164|41|46|113|149|191|65|132|26|120|104|139|170,0.956|0.859|0.799|0.795|0.787|0.775|0.77|0.767|0.761|0.758|0.755|0.745|0.744|0.731|0.721|0.72|0.713|0.705|0.699|0.681|0.675|0.675|0.675|0.671|0.664|0.664|0.663|0.65|0.644|0.643,0.616,0.578,0.403,0.296,0.767,0.859,0.604,0.956,0.787,0.52,0.588,0.48,0.424,0.755,0.323,0.505,0.799,0.385,0.545,0.731,0.507,0.512,0.336,0.473,0.391,0.431,0.664,0.631,0.62,0.795,0.598,0.622,0.526,0.548,0.474,0.398,0.641,0.427,0.561,0.483,0.42,0.699,0.339,0.452,0.549,0.412,0.681,0.486,0.253,0.559,0.442,0.599,0.602,0.35,0.463,0.37,0.538,0.417,0.528,0.569,0.412,0.455,0.298,0.57,0.327,0.671,0.289,0.38,0.559,0.487,0.616,0.279,0.386,0.552,0.342,0.466,0.564,0.508,0.285,0.426,0.414,0.405,0.528,0.245,0.559,0.364,0.608,0.38,0.422,0.482,0.432,0.523,0.378,0.554,0.391,0.408,0.573,0.379,0.537,0.454,0.325,0.429,0.355,0.565,0.65,0.416,0.444,0.485,0.402,0.72,0.301,0.404,0.547,0.675,0.532,0.547,0.525,0.6,0.578,0.638,0.663,0.459,0.761,0.277,0.48,0.642,0.387,0.594,0.603,0.401,0.554,0.45,0.664,0.389,0.561,0.469,0.55,0.172,0.313,0.644,0.457,0.246,0.424,0.409,0.1,0.401,0.533,0.397,0.574,0.675,0.363,0.626,0.609,0.298,0.331,0.634,0.563,0.537,0.443,0.775,0.596,0.488,0.556,0.542,0.705,0.345,0.635,0.339,0.758,0.77,0.643,0.504,0.348,0.42,0.619,0.348,0.549,0.286,0.744,0.524,0.337,0.432,0.39,0.575,0.597,0.507,0.62,0.713,0.374,0.745,0.428,0.675,0.637,0.431,0.395,0.602,0.33,0.721,0.341,0.283
200,0.076,101.3123169,6.69e-05,0,0,0.082,0.987,0.992,0.985,0.893,0.91,0.877,0.785,0.733,0.754,0.138,0.964,0.507,0.113,0.964,0.506,200,200,7|5|29|169|16|159|4|8|13|122|178|189|168|109|41|197|187|164|19|191|46|65|149|132|36|139|27|104|119|170,0.964|0.858|0.813|0.793|0.79|0.786|0.785|0.777|0.771|0.767|0.762|0.754|0.749|0.737|0.731|0.725|0.712|0.708|0.704|0.699|0.693|0.69|0.677|0.673|0.664|0.663|0.65|0.65|0.644|0.644,0.597,0.581,0.393,0.291,0.785,0.858,0.608,0.964,0.777,0.517,0.583,0.468,0.411,0.771,0.317,0.501,0.79,0.387,0.539,0.704,0.487,0.495,0.299,0.48,0.367,0.511,0.638,0.65,0.62,0.813,0.602,0.591,0.537,0.585,0.507,0.373,0.664,0.437,0.582,0.487,0.402,0.731,0.353,0.45,0.565,0.415,0.693,0.483,0.289,0.557,0.428,0.6,0.575,0.347,0.459,0.372,0.555,0.446,0.551,0.562,0.437,0.439,0.304,0.56,0.327,0.69,0.321,0.396,0.574,0.508,0.596,0.287,0.39,0.569,0.348,0.496,0.573,0.494,0.298,0.434,0.389,0.397,0.53,0.251,0.566,0.38,0.615,0.385,0.443,0.475,0.414,0.509,0.375,0.561,0.381,0.417,0.556,0.404,0.529,0.455,0.322,0.451,0.359,0.596,0.65,0.446,0.467,0.506,0.415,0.737,0.301,0.417,0.522,0.638,0.503,0.552,0.511,0.609,0.564,0.644,0.636,0.449,0.767,0.3,0.448,0.637,0.404,0.587,0.6,0.418,0.542,0.451,0.673,0.38,0.56,0.466,0.555,0.174,0.324,0.663,0.447,0.283,0.449,0.398,0.113,0.415,0.512,0.44,0.549,0.677,0.347,0.608,0.582,0.311,0.343,0.639,0.56,0.501,0.447,0.786,0.613,0.484,0.541,0.563,0.708,0.381,0.572,0.367,0.749,0.793,0.644,0.521,0.35,0.401,0.631,0.374,0.543,0.281,0.762,0.555,0.361,0.44,0.353,0.587,0.592,0.504,0.617,0.712,0.39,0.754,0.475,0.699,0.588,0.408,0.42,0.609,0.345,0.725,0.354,0.298
210,0.073,100.6721497,6.56e-05,0,0,0.08,0.973,0.983,0.969,0.882,0.895,0.864,0.814,0.802,0.787,0.124,0.958,0.503,0.089,0.958,0.503,200,200,7|5|4|29|16|8|13|159|169|122|189|178|41|197|168|46|19|109|164|187|65|191|139|36|132|174|170|120|119|149,0.958|0.842|0.801|0.793|0.788|0.778|0.771|0.77|0.764|0.76|0.746|0.738|0.737|0.725|0.722|0.716|0.71|0.699|0.698|0.693|0.69|0.682|0.682|0.676|0.669|0.659|0.656|0.653|0.653|0.653,0.605,0.599,0.39,0.308,0.801,0.842,0.598,0.958,0.778,0.523,0.605,0.461,0.394,0.771,0.299,0.492,0.788,0.359,0.548,0.71,0.452,0.479,0.326,0.452,0.403,0.523,0.625,0.626,0.617,0.793,0.603,0.592,0.556,0.594,0.499,0.387,0.676,0.422,0.589,0.486,0.425,0.737,0.366,0.458,0.56,0.406,0.716,0.489,0.284,0.553,0.43,0.615,0.599,0.333,0.488,0.376,0.578,0.437,0.525,0.601,0.42,0.437,0.336,0.587,0.304,0.69,0.316,0.387,0.573,0.473,0.607,0.288,0.387,0.588,0.326,0.496,0.579,0.511,0.282,0.453,0.375,0.373,0.552,0.269,0.563,0.362,0.629,0.357,0.432,0.463,0.413,0.515,0.367,0.561,0.377,0.403,0.577,0.419,0.524,0.414,0.325,0.456,0.372,0.566,0.648,0.424,0.468,0.505,0.394,0.699,0.307,0.441,0.508,0.646,0.471,0.54,0.511,0.614,0.54,0.653,0.653,0.417,0.76,0.268,0.486,0.65,0.382,0.6,0.569,0.402,0.551,0.403,0.669,0.397,0.561,0.442,0.569,0.188,0.335,0.682,0.471,0.277,0.46,0.398,0.089,0.392,0.509,0.441,0.517,0.653,0.347,0.592,0.576,0.323,0.35,0.639,0.531,0.494,0.437,0.77,0.596,0.456,0.518,0.534,0.698,0.35,0.624,0.386,0.722,0.764,0.656,0.513,0.327,0.397,0.659,0.368,0.574,0.257,0.738,0.507,0.354,0.419,0.348,0.596,0.584,0.486,0.615,0.693,0.375,0.746,0.443,0.682,0.576,0.42,0.422,0.615,0.345,0.725,0.357,0.275
220,0.092,99.9113617,6.43e-05,0,0,0.098,0.978,0.99,0.975,0.884,0.879,0.868,0.806,0.798,0.778,0.1,0.961,0.5,0.067,0.961,0.499,200,200,7|4|5|13|16|8|29|122|169|159|41|46|168|178|189|197|187|65|19|109|139|36|164|174|132|191|149|113|155|125,0.961|0.849|0.847|0.78|0.776|0.769|0.766|0.763|0.76|0.754|0.742|0.736|0.735|0.725|0.714|0.711|0.706|0.701|0.701|0.701|0.698|0.686|0.681|0.678|0.664|0.66|0.654|0.641|0.636|0.635,0.606,0.616,0.371,0.345,0.849,0.847,0.537,0.961,0.769,0.494,0.621,0.467,0.401,0.78,0.293,0.472,0.776,0.355,0.527,0.701,0.455,0.493,0.356,0.393,0.412,0.505,0.606,0.617,0.562,0.766,0.546,0.583,0.551,0.591,0.51,0.34,0.686,0.411,0.619,0.494,0.418,0.742,0.38,0.48,0.543,0.411,0.736,0.488,0.288,0.576,0.414,0.623,0.611,0.291,0.495,0.339,0.556,0.435,0.512,0.584,0.395,0.425,0.315,0.591,0.303,0.701,0.294,0.373,0.567,0.499,0.587,0.292,0.362,0.585,0.345,0.507,0.564,0.495,0.26,0.444,0.375,0.366,0.544,0.288,0.545,0.341,0.622,0.34,0.428,0.477,0.407,0.494,0.378,0.544,0.394,0.398,0.55,0.448,0.535,0.378,0.341,0.493,0.344,0.579,0.623,0.451,0.433,0.522,0.374,0.701,0.33,0.46,0.486,0.641,0.472,0.557,0.51,0.61,0.514,0.631,0.634,0.434,0.763,0.274,0.461,0.635,0.394,0.574,0.555,0.424,0.571,0.397,0.664,0.386,0.551,0.45,0.583,0.184,0.343,0.698,0.481,0.269,0.489,0.39,0.067,0.412,0.538,0.451,0.514,0.654,0.318,0.582,0.557,0.32,0.377,0.636,0.507,0.479,0.431,0.754,0.564,0.439,0.525,0.512,0.681,0.372,0.603,0.398,0.735,0.76,0.631,0.528,0.305,0.398,0.678,0.363,0.566,0.252,0.725,0.5,0.376,0.43,0.337,0.597,0.587,0.456,0.611,0.706,0.387,0.714,0.441,0.66,0.575,0.417,0.457,0.599,0.352,0.711,0.337,0.284
230,0.052,102.0561981,6.3e-05,0,0,0.058,0.976,0.987,0.972,0.884,0.906,0.868,0.788,0.769,0.757,0.122,0.968,0.51,0.1,0.968,0.509,200,200,7|5|29|16|8|122|159|4|169|13|168|178|197|189|19|187|164|191|41|109|46|113|149|132|120|119|65|104|125|139,0.968|0.873|0.81|0.805|0.797|0.791|0.782|0.779|0.777|0.772|0.768|0.756|0.753|0.752|0.739|0.736|0.723|0.723|0.722|0.716|0.696|0.692|0.689|0.68|0.68|0.674|0.668|0.665|0.663|0.662,0.623,0.604,0.409,0.304,0.779,0.873,0.616,0.968,0.797,0.522,0.592,0.488,0.416,0.772,0.308,0.497,0.805,0.407,0.548,0.739,0.491,0.487,0.3,0.462,0.397,0.501,0.66,0.643,0.62,0.81,0.634,0.612,0.529,0.577,0.49,0.392,0.656,0.419,0.582,0.481,0.444,0.722,0.339,0.456,0.563,0.402,0.696,0.487,0.266,0.563,0.438,0.637,0.582,0.329,0.47,0.385,0.569,0.416,0.536,0.586,0.427,0.477,0.318,0.609,0.304,0.668,0.288,0.368,0.588,0.491,0.64,0.265,0.389,0.589,0.35,0.484,0.597,0.512,0.272,0.432,0.39,0.394,0.54,0.247,0.547,0.327,0.629,0.368,0.488,0.481,0.415,0.517,0.398,0.574,0.387,0.394,0.595,0.384,0.559,0.453,0.332,0.426,0.369,0.561,0.665,0.434,0.49,0.494,0.408,0.716,0.283,0.432,0.531,0.692,0.511,0.576,0.524,0.623,0.575,0.674,0.68,0.463,0.791,0.277,0.515,0.663,0.385,0.611,0.623,0.394,0.559,0.438,0.68,0.375,0.572,0.444,0.565,0.172,0.304,0.662,0.481,0.251,0.435,0.426,0.1,0.403,0.521,0.398,0.552,0.689,0.371,0.615,0.596,0.307,0.334,0.625,0.565,0.527,0.446,0.782,0.615,0.476,0.576,0.55,0.723,0.343,0.623,0.358,0.768,0.777,0.656,0.552,0.352,0.4,0.626,0.352,0.553,0.248,0.756,0.522,0.349,0.432,0.367,0.614,0.61,0.5,0.637,0.736,0.371,0.752,0.439,0.723,0.625,0.422,0.414,0.607,0.342,0.753,0.333,0.286
240,0.059,101.9882202,6.18e-05,0,0,0.065,0.986,0.992,0.984,0.896,0.91,0.881,0.796,0.761,0.766,0.111,0.967,0.51,0.086,0.967,0.509,200,200,7|5|16|29|159|169|8|168|122|4|178|13|189|109|19|197|164|187|41|191|132|65|26|149|104|46|27|113|125|139,0.967|0.872|0.808|0.807|0.802|0.8|0.791|0.778|0.773|0.77|0.767|0.762|0.751|0.744|0.74|0.734|0.733|0.728|0.723|0.698|0.692|0.684|0.681|0.68|0.677|0.677|0.67|0.669|0.665|0.663,0.614,0.578,0.369,0.295,0.77,0.872,0.608,0.967,0.791,0.538,0.576,0.489,0.447,0.762,0.313,0.533,0.808,0.41,0.562,0.74,0.513,0.51,0.273,0.484,0.362,0.488,0.681,0.67,0.619,0.807,0.614,0.612,0.524,0.563,0.507,0.379,0.633,0.438,0.583,0.475,0.414,0.723,0.333,0.471,0.563,0.431,0.677,0.473,0.248,0.548,0.461,0.6,0.611,0.335,0.492,0.373,0.571,0.41,0.519,0.54,0.379,0.447,0.302,0.563,0.318,0.684,0.312,0.383,0.567,0.521,0.624,0.272,0.4,0.567,0.366,0.48,0.575,0.515,0.276,0.422,0.392,0.404,0.521,0.233,0.544,0.368,0.626,0.402,0.458,0.454,0.438,0.508,0.366,0.544,0.393,0.394,0.555,0.393,0.525,0.467,0.331,0.416,0.354,0.586,0.677,0.422,0.464,0.485,0.413,0.744,0.301,0.411,0.551,0.669,0.544,0.572,0.549,0.613,0.574,0.657,0.652,0.463,0.773,0.287,0.48,0.665,0.423,0.602,0.609,0.413,0.559,0.459,0.692,0.379,0.567,0.488,0.539,0.182,0.312,0.663,0.469,0.225,0.431,0.42,0.086,0.404,0.517,0.393,0.585,0.68,0.356,0.649,0.611,0.329,0.331,0.65,0.586,0.532,0.463,0.802,0.609,0.493,0.53,0.563,0.733,0.378,0.617,0.345,0.778,0.8,0.627,0.539,0.377,0.418,0.61,0.37,0.552,0.268,0.767,0.541,0.345,0.465,0.389,0.591,0.593,0.51,0.632,0.728,0.388,0.751,0.454,0.698,0.635,0.424,0.406,0.592,0.354,0.734,0.346,0.275
250,0.039,102.1235123,6.05e-05,0,0,0.046,0.984,0.99,0.982,0.887,0.906,0.871,0.794,0.772,0.764,0.131,0.954,0.511,0.107,0.954,0.51,200,200,7|5|16|29|8|169|122|4|168|159|13|178|197|189|19|41|187|109|164|191|149|65|46|132|113|119|120|27|139|170,0.954|0.865|0.79|0.785|0.782|0.77|0.767|0.767|0.765|0.765|0.76|0.746|0.736|0.735|0.72|0.718|0.703|0.702|0.699|0.695|0.678|0.678|0.675|0.673|0.67|0.662|0.655|0.654|0.654|0.653,0.613,0.61,0.374,0.339,0.767,0.865,0.612,0.954,0.782,0.487,0.593,0.49,0.404,0.76,0.326,0.504,0.79,0.394,0.547,0.72,0.491,0.504,0.324,0.466,0.425,0.497,0.644,0.654,0.621,0.785,0.604,0.598,0.524,0.579,0.491,0.387,0.641,0.441,0.587,0.486,0.425,0.718,0.361,0.484,0.558,0.421,0.675,0.473,0.306,0.55,0.43,0.616,0.59,0.364,0.48,0.401,0.578,0.44,0.53,0.57,0.44,0.454,0.325,0.591,0.32,0.678,0.324,0.374,0.585,0.501,0.616,0.276,0.423,0.595,0.364,0.501,0.582,0.501,0.29,0.437,0.398,0.395,0.55,0.258,0.542,0.348,0.646,0.388,0.488,0.48,0.408,0.53,0.376,0.57,0.392,0.42,0.587,0.407,0.555,0.455,0.359,0.434,0.364,0.572,0.64,0.437,0.495,0.483,0.411,0.702,0.344,0.432,0.52,0.67,0.487,0.581,0.518,0.599,0.55,0.662,0.655,0.45,0.767,0.3,0.473,0.634,0.418,0.601,0.59,0.441,0.564,0.422,0.673,0.396,0.574,0.46,0.556,0.213,0.333,0.654,0.476,0.266,0.449,0.429,0.107,0.382,0.511,0.4,0.547,0.678,0.383,0.605,0.602,0.317,0.357,0.625,0.552,0.52,0.439,0.765,0.622,0.484,0.541,0.55,0.699,0.354,0.608,0.35,0.765,0.77,0.653,0.534,0.369,0.404,0.63,0.379,0.551,0.28,0.746,0.534,0.366,0.458,0.391,0.603,0.601,0.485,0.634,0.703,0.382,0.735,0.443,0.695,0.624,0.415,0.428,0.593,0.333,0.736,0.351,0.323
260,0.058,101.9608078,5.93e-05,0,0,0.064,0.986,0.994,0.984,0.905,0.907,0.892,0.809,0.802,0.782,0.118,0.969,0.51,0.093,0.969,0.509,200,200,7|5|29|4|159|169|122|16|8|13|178|168|189|41|109|197|19|164|46|65|187|191|132|149|119|36|120|174|125|113,0.969|0.866|0.815|0.803|0.795|0.793|0.784|0.783|0.774|0.769|0.754|0.751|0.746|0.739|0.721|0.72|0.717|0.717|0.705|0.698|0.697|0.684|0.681|0.678|0.661|0.661|0.659|0.658|0.658|0.656,0.629,0.608,0.381,0.3,0.803,0.866,0.603,0.969,0.774,0.531,0.612,0.462,0.4,0.769,0.297,0.512,0.783,0.379,0.537,0.717,0.473,0.482,0.292,0.434,0.396,0.517,0.636,0.651,0.619,0.815,0.606,0.615,0.559,0.597,0.524,0.365,0.661,0.431,0.6,0.496,0.431,0.739,0.379,0.481,0.571,0.417,0.705,0.463,0.302,0.548,0.416,0.613,0.601,0.339,0.474,0.367,0.545,0.447,0.534,0.559,0.409,0.44,0.326,0.561,0.316,0.698,0.314,0.378,0.59,0.506,0.619,0.275,0.391,0.599,0.373,0.513,0.587,0.51,0.279,0.427,0.4,0.38,0.553,0.256,0.545,0.357,0.639,0.383,0.462,0.483,0.412,0.522,0.367,0.554,0.385,0.409,0.567,0.423,0.543,0.445,0.34,0.466,0.37,0.576,0.644,0.461,0.47,0.483,0.389,0.721,0.324,0.432,0.513,0.656,0.495,0.577,0.515,0.603,0.555,0.661,0.659,0.449,0.784,0.311,0.478,0.658,0.443,0.611,0.59,0.406,0.562,0.437,0.681,0.389,0.571,0.467,0.558,0.199,0.322,0.652,0.465,0.279,0.459,0.406,0.093,0.412,0.533,0.434,0.537,0.678,0.334,0.606,0.57,0.32,0.352,0.643,0.561,0.489,0.429,0.795,0.607,0.471,0.522,0.56,0.717,0.386,0.608,0.371,0.751,0.793,0.644,0.533,0.353,0.427,0.658,0.378,0.543,0.272,0.754,0.542,0.38,0.462,0.346,0.599,0.613,0.483,0.63,0.697,0.388,0.746,0.458,0.684,0.593,0.432,0.441,0.619,0.351,0.72,0.333,0.287
270,0.061,102.0422668,5.82e-05,0,0,0.067,0.977,0.988,0.974,0.89,0.91,0.874,0.787,0.752,0.756,0.125,0.961,0.51,0.098,0.961,0.509,200,200,7|5|29|159|169|16|13|8|178|4|168|122|189|109|19|197|164|41|187|65|132|191|46|149|26|104|27|113|170|139,0.961|0.841|0.794|0.793|0.792|0.78|0.776|0.771|0.767|0.76|0.759|0.754|0.727|0.724|0.723|0.708|0.7|0.698|0.693|0.683|0.676|0.675|0.671|0.668|0.666|0.664|0.658|0.652|0.651|0.648,0.597,0.601,0.389,0.305,0.76,0.841,0.603,0.961,0.771,0.545,0.557,0.49,0.412,0.776,0.331,0.529,0.78,0.4,0.556,0.723,0.511,0.516,0.291,0.471,0.37,0.467,0.666,0.658,0.602,0.794,0.596,0.603,0.542,0.554,0.499,0.416,0.625,0.472,0.597,0.466,0.423,0.698,0.355,0.479,0.54,0.421,0.671,0.461,0.275,0.568,0.432,0.605,0.595,0.368,0.479,0.388,0.582,0.434,0.525,0.552,0.429,0.44,0.321,0.564,0.33,0.683,0.331,0.376,0.562,0.534,0.609,0.285,0.382,0.555,0.39,0.488,0.593,0.495,0.306,0.423,0.418,0.393,0.524,0.261,0.536,0.367,0.607,0.407,0.458,0.485,0.42,0.493,0.375,0.537,0.386,0.426,0.56,0.409,0.526,0.449,0.345,0.438,0.391,0.563,0.664,0.426,0.479,0.494,0.426,0.724,0.337,0.402,0.551,0.652,0.529,0.565,0.538,0.611,0.566,0.627,0.645,0.454,0.754,0.316,0.469,0.642,0.444,0.596,0.601,0.432,0.55,0.456,0.676,0.398,0.567,0.48,0.557,0.198,0.326,0.648,0.473,0.254,0.436,0.411,0.098,0.39,0.552,0.415,0.563,0.668,0.372,0.632,0.607,0.319,0.347,0.628,0.581,0.526,0.452,0.793,0.613,0.487,0.553,0.565,0.7,0.372,0.627,0.34,0.759,0.792,0.651,0.531,0.382,0.428,0.606,0.387,0.533,0.287,0.767,0.529,0.38,0.499,0.391,0.582,0.592,0.502,0.625,0.693,0.392,0.727,0.432,0.675,0.637,0.425,0.42,0.587,0.336,0.708,0.37,0.325
280,0.022,102.0428009,5.7e-05,0,0,0.028,0.993,0.996,0.992,0.903,0.922,0.889,0.782,0.766,0.749,0.116,0.971,0.51,0.089,0.971,0.509,200,200,7|5|29|8|159|16|169|13|4|122|178|168|197|189|41|19|109|164|191|187|65|46|149|132|170|139|113|120|104|119,0.971|0.869|0.816|0.799|0.795|0.795|0.794|0.787|0.786|0.778|0.775|0.768|0.75|0.746|0.737|0.737|0.728|0.726|0.71|0.708|0.699|0.698|0.69|0.682|0.676|0.672|0.67|0.67|0.669|0.668,0.644,0.6,0.376,0.293,0.786,0.869,0.608,0.971,0.799,0.534,0.597,0.475,0.402,0.787,0.288,0.519,0.795,0.382,0.564,0.737,0.482,0.491,0.31,0.47,0.387,0.485,0.663,0.663,0.632,0.816,0.618,0.624,0.547,0.601,0.502,0.388,0.662,0.433,0.596,0.473,0.424,0.737,0.365,0.476,0.57,0.407,0.698,0.474,0.274,0.552,0.454,0.653,0.611,0.346,0.485,0.373,0.589,0.436,0.508,0.593,0.411,0.448,0.327,0.589,0.294,0.699,0.3,0.374,0.576,0.508,0.63,0.266,0.39,0.571,0.321,0.494,0.594,0.499,0.273,0.427,0.378,0.385,0.537,0.246,0.558,0.36,0.627,0.351,0.468,0.491,0.407,0.519,0.383,0.572,0.372,0.411,0.586,0.4,0.551,0.434,0.327,0.437,0.368,0.595,0.669,0.415,0.493,0.501,0.423,0.728,0.31,0.438,0.523,0.67,0.496,0.556,0.515,0.612,0.559,0.668,0.67,0.436,0.778,0.275,0.467,0.665,0.417,0.619,0.587,0.413,0.555,0.418,0.682,0.393,0.567,0.445,0.556,0.182,0.309,0.672,0.478,0.248,0.451,0.421,0.089,0.384,0.529,0.416,0.548,0.69,0.364,0.628,0.599,0.295,0.333,0.664,0.552,0.508,0.439,0.795,0.611,0.467,0.543,0.548,0.726,0.355,0.618,0.352,0.768,0.794,0.676,0.531,0.368,0.411,0.64,0.37,0.551,0.264,0.775,0.531,0.354,0.441,0.382,0.619,0.593,0.491,0.624,0.708,0.362,0.746,0.437,0.71,0.618,0.419,0.405,0.609,0.323,0.75,0.345,0.296
290,0.106,101.2787399,5.59e-05,0,0,0.112,0.97,0.984,0.966,0.887,0.889,0.871,0.811,0.796,0.783,0.107,0.974,0.506,0.083,0.974,0.506,200,200,7|5|13|4|29|8|16|159|168|178|122|169|41|189|197|19|46|164|109|65|187|174|36|191|149|139|113|125|132|26,0.974|0.871|0.813|0.807|0.803|0.793|0.792|0.786|0.772|0.769|0.767|0.76|0.747|0.736|0.735|0.722|0.721|0.711|0.707|0.707|0.705|0.679|0.676|0.675|0.672|0.672|0.667|0.666|0.665|0.662,0.622,0.634,0.38,0.301,0.807,0.871,0.594,0.974,0.793,0.531,0.625,0.441,0.368,0.813,0.292,0.493,0.792,0.355,0.536,0.722,0.452,0.472,0.305,0.437,0.413,0.508,0.662,0.628,0.588,0.803,0.595,0.596,0.546,0.604,0.517,0.381,0.676,0.424,0.611,0.479,0.427,0.747,0.354,0.491,0.573,0.414,0.721,0.495,0.265,0.58,0.419,0.636,0.62,0.325,0.497,0.366,0.57,0.443,0.523,0.587,0.425,0.449,0.297,0.595,0.305,0.707,0.303,0.362,0.568,0.491,0.625,0.265,0.355,0.597,0.33,0.513,0.604,0.514,0.264,0.433,0.369,0.376,0.547,0.265,0.549,0.365,0.635,0.346,0.471,0.472,0.416,0.523,0.369,0.572,0.371,0.402,0.575,0.41,0.556,0.403,0.337,0.46,0.342,0.586,0.648,0.454,0.455,0.512,0.402,0.707,0.293,0.459,0.513,0.667,0.464,0.571,0.519,0.618,0.537,0.658,0.643,0.434,0.767,0.255,0.475,0.666,0.396,0.605,0.592,0.414,0.581,0.391,0.665,0.403,0.541,0.426,0.584,0.182,0.311,0.672,0.479,0.259,0.483,0.4,0.083,0.393,0.547,0.444,0.534,0.672,0.313,0.598,0.584,0.317,0.358,0.648,0.546,0.504,0.424,0.786,0.599,0.446,0.533,0.532,0.711,0.355,0.609,0.368,0.772,0.76,0.659,0.524,0.336,0.407,0.679,0.379,0.558,0.262,0.769,0.52,0.378,0.447,0.331,0.615,0.586,0.462,0.634,0.705,0.365,0.736,0.436,0.675,0.611,0.431,0.435,0.584,0.35,0.735,0.319,0.295
300,0.016,101.8905945,5.48e-05,0,0,0.022,0.994,0.998,0.993,0.9,0.898,0.886,0.796,0.761,0.766,0.128,0.963,0.509,0.1,0.963,0.509,200,200,7|5|29|169|159|8|16|4|178|168|13|122|189|109|197|19|187|41|164|191|149|46|132|65|113|104|27|139|125|26,0.963|0.857|0.789|0.781|0.776|0.775|0.775|0.765|0.765|0.765|0.759|0.756|0.734|0.729|0.728|0.724|0.71|0.71|0.702|0.694|0.687|0.683|0.673|0.67|0.665|0.662|0.656|0.653|0.649|0.649,0.631,0.571,0.389,0.311,0.765,0.857,0.605,0.963,0.775,0.546,0.586,0.47,0.428,0.759,0.323,0.54,0.775,0.395,0.559,0.724,0.5,0.512,0.305,0.465,0.382,0.482,0.649,0.656,0.626,0.789,0.613,0.609,0.534,0.555,0.483,0.394,0.625,0.428,0.572,0.472,0.425,0.71,0.338,0.467,0.567,0.418,0.683,0.472,0.277,0.559,0.449,0.62,0.607,0.348,0.476,0.385,0.589,0.427,0.515,0.563,0.413,0.451,0.323,0.568,0.337,0.67,0.337,0.393,0.582,0.517,0.608,0.295,0.405,0.571,0.371,0.479,0.573,0.49,0.278,0.412,0.39,0.402,0.523,0.25,0.546,0.388,0.621,0.4,0.452,0.49,0.445,0.507,0.385,0.538,0.389,0.403,0.573,0.411,0.537,0.458,0.346,0.423,0.381,0.582,0.662,0.414,0.492,0.48,0.423,0.729,0.326,0.405,0.541,0.665,0.529,0.566,0.537,0.603,0.566,0.633,0.646,0.448,0.756,0.29,0.473,0.649,0.414,0.605,0.583,0.437,0.554,0.454,0.673,0.388,0.562,0.456,0.526,0.196,0.314,0.653,0.481,0.253,0.444,0.397,0.1,0.392,0.507,0.414,0.561,0.687,0.372,0.627,0.602,0.332,0.342,0.626,0.586,0.519,0.44,0.776,0.615,0.49,0.523,0.57,0.702,0.382,0.606,0.351,0.765,0.781,0.619,0.551,0.397,0.401,0.617,0.392,0.57,0.294,0.765,0.547,0.36,0.466,0.381,0.603,0.6,0.496,0.615,0.71,0.402,0.734,0.457,0.694,0.618,0.418,0.415,0.582,0.339,0.728,0.362,0.281
310,0.054,102.3572083,5.37e-05,0,0,0.059,0.988,0.996,0.986,0.896,0.916,0.881,0.785,0.751,0.754,0.119,0.966,0.512,0.094,0.966,0.511,200,200,7|5|29|4|8|16|13|159|122|169|178|168|109|197|189|19|41|164|187|191|46|132|65|149|139|119|113|104|120|26,0.966|0.865|0.808|0.79|0.785|0.783|0.781|0.78|0.779|0.777|0.772|0.76|0.744|0.743|0.737|0.728|0.723|0.717|0.716|0.71|0.706|0.695|0.694|0.691|0.676|0.669|0.668|0.66|0.659|0.658,0.635,0.577,0.396,0.287,0.79,0.865,0.617,0.966,0.785,0.541,0.596,0.463,0.423,0.781,0.325,0.536,0.783,0.38,0.551,0.728,0.49,0.485,0.289,0.486,0.371,0.48,0.658,0.648,0.641,0.808,0.611,0.589,0.533,0.585,0.477,0.391,0.643,0.432,0.583,0.49,0.41,0.723,0.349,0.466,0.554,0.416,0.706,0.481,0.268,0.55,0.46,0.623,0.62,0.347,0.487,0.378,0.58,0.437,0.533,0.567,0.421,0.451,0.312,0.583,0.317,0.694,0.342,0.387,0.587,0.497,0.608,0.283,0.39,0.574,0.34,0.474,0.581,0.493,0.278,0.432,0.402,0.379,0.536,0.24,0.563,0.387,0.642,0.369,0.458,0.494,0.405,0.531,0.407,0.558,0.394,0.411,0.578,0.401,0.536,0.446,0.348,0.443,0.376,0.601,0.66,0.436,0.513,0.488,0.415,0.744,0.33,0.416,0.541,0.668,0.522,0.557,0.525,0.592,0.575,0.669,0.659,0.453,0.779,0.31,0.476,0.654,0.415,0.591,0.597,0.424,0.546,0.447,0.695,0.405,0.583,0.453,0.556,0.195,0.305,0.676,0.474,0.25,0.444,0.388,0.094,0.404,0.503,0.42,0.559,0.691,0.382,0.628,0.595,0.309,0.331,0.644,0.576,0.504,0.446,0.78,0.621,0.485,0.551,0.561,0.717,0.369,0.596,0.347,0.76,0.777,0.652,0.558,0.382,0.397,0.633,0.402,0.564,0.296,0.772,0.55,0.353,0.433,0.384,0.623,0.584,0.5,0.633,0.716,0.389,0.737,0.424,0.71,0.618,0.416,0.421,0.606,0.342,0.743,0.376,0.284
320,0.03,102.3369522,5.26e-05,0,0,0.036,0.996,0.998,0.996,0.9,0.909,0.885,0.785,0.781,0.754,0.114,0.964,0.512,0.086,0.964,0.511,200,200,7|5|4|16|29|169|13|122|8|159|178|168|189|197|41|109|46|187|19|164|191|65|149|119|139|132|113|36|0|155,0.964|0.873|0.83|0.795|0.794|0.782|0.781|0.778|0.777|0.776|0.759|0.759|0.751|0.738|0.731|0.724|0.713|0.709|0.703|0.701|0.699|0.693|0.687|0.686|0.684|0.678|0.672|0.667|0.654|0.653,0.654,0.61,0.354,0.3,0.83,0.873,0.609,0.964,0.777,0.544,0.615,0.453,0.387,0.781,0.31,0.506,0.795,0.356,0.545,0.703,0.465,0.47,0.301,0.449,0.388,0.518,0.615,0.623,0.62,0.794,0.599,0.574,0.564,0.612,0.511,0.364,0.667,0.427,0.593,0.493,0.427,0.731,0.372,0.479,0.566,0.415,0.713,0.491,0.292,0.572,0.428,0.65,0.594,0.338,0.49,0.374,0.557,0.46,0.534,0.59,0.428,0.451,0.325,0.589,0.333,0.693,0.327,0.389,0.606,0.488,0.611,0.285,0.4,0.593,0.358,0.523,0.585,0.505,0.275,0.446,0.395,0.373,0.555,0.264,0.565,0.363,0.638,0.376,0.449,0.504,0.434,0.524,0.391,0.579,0.384,0.402,0.574,0.409,0.547,0.442,0.365,0.466,0.371,0.577,0.634,0.461,0.48,0.489,0.393,0.724,0.324,0.443,0.505,0.672,0.489,0.58,0.526,0.62,0.535,0.686,0.652,0.437,0.778,0.284,0.473,0.653,0.423,0.604,0.575,0.444,0.57,0.416,0.678,0.398,0.577,0.453,0.557,0.203,0.328,0.684,0.471,0.269,0.476,0.411,0.086,0.396,0.529,0.45,0.532,0.687,0.34,0.609,0.584,0.313,0.359,0.653,0.558,0.487,0.428,0.776,0.6,0.475,0.516,0.556,0.701,0.364,0.6,0.394,0.759,0.782,0.644,0.533,0.354,0.402,0.652,0.398,0.564,0.263,0.759,0.543,0.379,0.452,0.36,0.621,0.586,0.483,0.642,0.709,0.394,0.751,0.448,0.699,0.583,0.438,0.46,0.613,0.355,0.738,0.354,0.297
330,0.201,102.813797,5.16e-05,0,0,0.206,0.939,0.965,0.93,0.873,0.905,0.855,0.803,0.798,0.775,0.117,0.974,0.514,0.09,0.974,0.514,200,200,7|5|4|29|122|16|13|169|8|178|159|168|189|197|41|19|109|46|187|191|164|139|119|65|149|132|36|174|51|86,0.974|0.896|0.862|0.818|0.803|0.803|0.802|0.794|0.785|0.783|0.782|0.778|0.768|0.75|0.743|0.74|0.734|0.733|0.721|0.719|0.718|0.711|0.705|0.704|0.702|0.691|0.689|0.674|0.67|0.669,0.642,0.618,0.316,0.288,0.862,0.896,0.628,0.974,0.785,0.543,0.625,0.433,0.378,0.802,0.305,0.531,0.803,0.356,0.543,0.74,0.425,0.454,0.276,0.43,0.411,0.565,0.609,0.638,0.635,0.818,0.632,0.577,0.577,0.625,0.519,0.348,0.689,0.425,0.593,0.514,0.411,0.743,0.358,0.484,0.573,0.409,0.733,0.488,0.314,0.57,0.421,0.67,0.604,0.343,0.463,0.38,0.558,0.473,0.545,0.596,0.437,0.443,0.333,0.59,0.322,0.704,0.33,0.38,0.629,0.466,0.626,0.296,0.423,0.609,0.349,0.557,0.565,0.495,0.251,0.456,0.37,0.351,0.587,0.264,0.554,0.35,0.669,0.375,0.454,0.512,0.425,0.537,0.369,0.599,0.366,0.417,0.578,0.426,0.559,0.426,0.328,0.467,0.397,0.597,0.64,0.472,0.471,0.473,0.394,0.734,0.325,0.437,0.527,0.656,0.471,0.566,0.529,0.616,0.546,0.705,0.655,0.441,0.803,0.303,0.459,0.662,0.433,0.627,0.57,0.427,0.568,0.391,0.691,0.375,0.584,0.425,0.548,0.214,0.301,0.711,0.445,0.28,0.464,0.377,0.09,0.381,0.52,0.467,0.536,0.702,0.339,0.617,0.56,0.316,0.35,0.654,0.581,0.451,0.434,0.782,0.612,0.51,0.513,0.6,0.718,0.365,0.598,0.399,0.778,0.794,0.661,0.547,0.35,0.392,0.674,0.41,0.556,0.243,0.783,0.565,0.377,0.434,0.336,0.649,0.61,0.471,0.65,0.721,0.381,0.768,0.428,0.719,0.572,0.419,0.443,0.639,0.338,0.75,0.362,0.279
340,0.05,101.6372833,5.06e-05,0,0,0.055,0.993,0.996,0.992,0.891,0.902,0.876,0.798,0.792,0.769,0.116,0.965,0.508,0.088,0.965,0.508,200,200,7|5|4|13|16|29|159|169|122|8|41|168|178|46|189|19|197|109|65|164|187|139|174|132|36|113|149|119|191|155,0.965|0.853|0.852|0.8|0.783|0.779|0.776|0.77|0.77|0.762|0.754|0.749|0.739|0.733|0.72|0.714|0.714|0.711|0.708|0.691|0.683|0.677|0.674|0.674|0.673|0.664|0.663|0.662|0.661|0.656,0.619,0.627,0.345,0.317,0.852,0.853,0.569,0.965,0.762,0.538,0.623,0.466,0.381,0.8,0.303,0.5,0.783,0.329,0.545,0.714,0.432,0.467,0.327,0.412,0.42,0.517,0.617,0.626,0.583,0.779,0.566,0.582,0.575,0.628,0.543,0.348,0.673,0.43,0.626,0.495,0.427,0.754,0.394,0.491,0.565,0.421,0.733,0.492,0.299,0.574,0.409,0.627,0.601,0.318,0.509,0.371,0.547,0.472,0.511,0.597,0.416,0.44,0.329,0.583,0.319,0.708,0.319,0.378,0.587,0.492,0.603,0.287,0.375,0.601,0.352,0.547,0.582,0.495,0.261,0.453,0.381,0.363,0.553,0.296,0.536,0.369,0.633,0.355,0.456,0.504,0.43,0.516,0.392,0.582,0.375,0.394,0.549,0.438,0.561,0.407,0.353,0.492,0.36,0.581,0.629,0.468,0.46,0.509,0.377,0.711,0.323,0.481,0.484,0.664,0.456,0.568,0.518,0.633,0.533,0.662,0.65,0.423,0.77,0.279,0.461,0.652,0.417,0.601,0.551,0.431,0.555,0.385,0.674,0.407,0.559,0.445,0.585,0.23,0.346,0.677,0.468,0.293,0.492,0.402,0.088,0.41,0.554,0.467,0.503,0.663,0.315,0.589,0.561,0.331,0.393,0.656,0.532,0.478,0.41,0.776,0.571,0.454,0.514,0.523,0.691,0.379,0.608,0.41,0.749,0.77,0.65,0.528,0.325,0.441,0.674,0.382,0.575,0.265,0.739,0.516,0.421,0.454,0.336,0.605,0.604,0.463,0.619,0.683,0.384,0.72,0.444,0.661,0.581,0.433,0.468,0.612,0.352,0.714,0.338,0.281
350,0.039,102.7301788,4.96e-05,0,0,0.044,0.989,0.995,0.988,0.891,0.907,0.876,0.8,0.795,0.771,0.132,0.971,0.514,0.111,0.971,0.513,200,200,7|5|29|8|16|169|178|159|13|4|189|168|122|197|19|109|164|41|46|113|187|149|191|65|125|132|120|119|139|155,0.971|0.878|0.804|0.801|0.78|0.776|0.772|0.769|0.764|0.763|0.76|0.76|0.754|0.748|0.732|0.721|0.717|0.714|0.705|0.703|0.702|0.695|0.695|0.682|0.676|0.674|0.667|0.666|0.665|0.662,0.654,0.549,0.38,0.278,0.763,0.878,0.637,0.971,0.801,0.563,0.595,0.477,0.423,0.764,0.315,0.546,0.78,0.402,0.542,0.732,0.499,0.48,0.293,0.506,0.389,0.454,0.661,0.656,0.651,0.804,0.63,0.606,0.553,0.578,0.475,0.402,0.636,0.441,0.567,0.486,0.399,0.714,0.326,0.488,0.546,0.416,0.705,0.48,0.257,0.571,0.433,0.606,0.594,0.368,0.488,0.383,0.579,0.437,0.52,0.601,0.41,0.482,0.335,0.596,0.344,0.682,0.317,0.395,0.585,0.503,0.619,0.291,0.394,0.584,0.348,0.46,0.58,0.497,0.294,0.417,0.387,0.406,0.548,0.261,0.554,0.409,0.626,0.398,0.482,0.483,0.439,0.519,0.386,0.585,0.389,0.412,0.586,0.393,0.558,0.465,0.337,0.424,0.378,0.594,0.653,0.393,0.531,0.482,0.434,0.721,0.299,0.402,0.547,0.703,0.511,0.589,0.539,0.616,0.58,0.666,0.667,0.451,0.754,0.271,0.503,0.676,0.401,0.62,0.604,0.428,0.56,0.451,0.674,0.39,0.581,0.438,0.535,0.193,0.289,0.665,0.505,0.256,0.427,0.404,0.111,0.393,0.526,0.384,0.564,0.695,0.388,0.628,0.626,0.293,0.344,0.662,0.575,0.524,0.447,0.769,0.628,0.487,0.57,0.562,0.717,0.348,0.61,0.328,0.76,0.776,0.625,0.574,0.41,0.412,0.579,0.373,0.569,0.294,0.772,0.538,0.351,0.442,0.406,0.617,0.602,0.535,0.623,0.702,0.404,0.76,0.459,0.695,0.62,0.441,0.389,0.608,0.312,0.748,0.373,0.32
360,0.028,102.2622681,4.86e-05,0,0,0.033,0.992,0.996,0.991,0.903,0.914,0.888,0.798,0.792,0.769,0.127,0.969,0.511,0.103,0.969,0.511,200,200,7|5|4|29|16|13|159|8|122|169|178|189|41|168|109|197|46|187|164|19|191|65|139|36|149|132|155|174|119|113,0.969|0.866|0.828|0.798|0.797|0.797|0.79|0.78|0.773|0.769|0.751|0.75|0.749|0.748|0.745|0.74|0.725|0.709|0.709|0.707|0.696|0.696|0.689|0.686|0.681|0.68|0.676|0.672|0.668|0.661,0.651,0.619,0.367,0.3,0.828,0.866,0.587,0.969,0.78,0.548,0.638,0.445,0.357,0.797,0.294,0.513,0.797,0.344,0.532,0.707,0.448,0.437,0.325,0.45,0.428,0.529,0.649,0.638,0.604,0.798,0.6,0.586,0.585,0.623,0.531,0.372,0.686,0.424,0.624,0.478,0.438,0.749,0.361,0.493,0.581,0.398,0.725,0.468,0.29,0.574,0.406,0.65,0.595,0.341,0.5,0.375,0.582,0.464,0.533,0.587,0.433,0.472,0.334,0.597,0.308,0.696,0.392,0.367,0.569,0.485,0.617,0.287,0.372,0.578,0.339,0.53,0.596,0.498,0.252,0.443,0.373,0.357,0.555,0.268,0.567,0.385,0.659,0.351,0.467,0.504,0.437,0.506,0.379,0.579,0.374,0.415,0.571,0.427,0.538,0.408,0.335,0.483,0.392,0.611,0.644,0.486,0.469,0.506,0.396,0.745,0.302,0.466,0.5,0.661,0.439,0.57,0.528,0.623,0.535,0.668,0.644,0.442,0.773,0.3,0.44,0.651,0.386,0.615,0.589,0.433,0.552,0.397,0.68,0.397,0.573,0.46,0.55,0.185,0.336,0.689,0.447,0.291,0.481,0.394,0.103,0.41,0.547,0.451,0.516,0.681,0.326,0.599,0.574,0.325,0.378,0.676,0.558,0.47,0.416,0.79,0.588,0.445,0.526,0.554,0.709,0.386,0.607,0.394,0.748,0.769,0.654,0.538,0.337,0.41,0.672,0.385,0.567,0.275,0.751,0.521,0.386,0.422,0.341,0.638,0.607,0.457,0.638,0.709,0.374,0.75,0.443,0.696,0.579,0.435,0.456,0.596,0.376,0.74,0.339,0.315
370,0.052,101.4197998,4.76e-05,0,0,0.056,0.993,0.996,0.992,0.903,0.913,0.888,0.79,0.782,0.759,0.119,0.966,0.507,0.093,0.966,0.506,200,200,7|5|16|4|13|159|8|29|169|168|178|122|109|41|19|189|197|46|164|187|149|132|191|139|65|0|155|113|36|125,0.966|0.85|0.802|0.798|0.786|0.785|0.783|0.777|0.775|0.766|0.764|0.759|0.744|0.738|0.734|0.728|0.721|0.72|0.708|0.699|0.691|0.689|0.685|0.681|0.675|0.67|0.669|0.665|0.661|0.658,0.67,0.592,0.365,0.32,0.798,0.85,0.57,0.966,0.783,0.519,0.633,0.468,0.393,0.786,0.294,0.548,0.802,0.376,0.548,0.734,0.474,0.477,0.32,0.436,0.386,0.49,0.646,0.642,0.586,0.777,0.59,0.594,0.533,0.576,0.501,0.378,0.661,0.423,0.611,0.496,0.406,0.738,0.316,0.474,0.562,0.41,0.72,0.464,0.298,0.557,0.413,0.63,0.611,0.33,0.511,0.384,0.577,0.443,0.522,0.572,0.387,0.446,0.318,0.592,0.293,0.675,0.356,0.393,0.574,0.493,0.612,0.291,0.384,0.574,0.339,0.498,0.573,0.498,0.255,0.411,0.394,0.372,0.536,0.255,0.557,0.373,0.633,0.361,0.444,0.489,0.431,0.515,0.382,0.557,0.378,0.406,0.566,0.425,0.522,0.405,0.353,0.452,0.355,0.608,0.658,0.419,0.467,0.488,0.416,0.744,0.32,0.424,0.527,0.665,0.48,0.564,0.526,0.616,0.552,0.643,0.647,0.454,0.759,0.285,0.446,0.658,0.413,0.6,0.595,0.437,0.552,0.415,0.689,0.397,0.573,0.474,0.532,0.191,0.327,0.681,0.477,0.24,0.449,0.383,0.093,0.391,0.553,0.424,0.552,0.691,0.36,0.627,0.59,0.334,0.353,0.669,0.555,0.488,0.447,0.785,0.588,0.471,0.528,0.533,0.708,0.381,0.616,0.348,0.766,0.775,0.62,0.537,0.349,0.424,0.645,0.366,0.574,0.281,0.764,0.525,0.352,0.442,0.362,0.607,0.583,0.47,0.625,0.699,0.383,0.728,0.435,0.685,0.616,0.389,0.433,0.592,0.372,0.721,0.338,0.278
380,0.028,103.2742996,4.67e-05,0,0,0.033,0.984,0.988,0.982,0.891,0.917,0.876,0.775,0.762,0.742,0.103,0.974,0.516,0.076,0.974,0.516,200,200,7|5|16|4|29|169|8|159|168|122|13|189|178|19|164|197|109|187|41|46|149|132|191|119|113|65|155|104|120|139,0.974|0.88|0.825|0.814|0.81|0.807|0.804|0.802|0.792|0.785|0.784|0.777|0.775|0.765|0.756|0.749|0.748|0.736|0.734|0.725|0.723|0.714|0.709|0.704|0.703|0.696|0.691|0.687|0.683|0.68,0.629,0.584,0.371,0.281,0.814,0.88,0.622,0.974,0.804,0.538,0.634,0.476,0.401,0.784,0.315,0.541,0.825,0.375,0.541,0.765,0.475,0.465,0.289,0.458,0.375,0.465,0.667,0.656,0.638,0.81,0.625,0.606,0.557,0.6,0.503,0.393,0.651,0.442,0.602,0.485,0.431,0.734,0.314,0.468,0.571,0.399,0.725,0.494,0.266,0.585,0.441,0.635,0.623,0.332,0.477,0.383,0.576,0.421,0.526,0.601,0.395,0.471,0.333,0.585,0.285,0.696,0.35,0.389,0.6,0.471,0.622,0.269,0.396,0.58,0.344,0.496,0.599,0.499,0.265,0.431,0.365,0.38,0.57,0.247,0.567,0.374,0.668,0.388,0.463,0.497,0.429,0.548,0.353,0.585,0.39,0.399,0.617,0.418,0.559,0.451,0.353,0.44,0.386,0.582,0.687,0.428,0.511,0.51,0.441,0.748,0.288,0.418,0.53,0.703,0.508,0.583,0.535,0.635,0.566,0.704,0.683,0.438,0.785,0.286,0.49,0.661,0.395,0.622,0.631,0.429,0.568,0.42,0.714,0.371,0.591,0.472,0.54,0.179,0.318,0.68,0.471,0.257,0.433,0.416,0.076,0.401,0.53,0.418,0.559,0.723,0.372,0.643,0.601,0.322,0.331,0.691,0.598,0.512,0.463,0.802,0.606,0.486,0.53,0.562,0.756,0.375,0.612,0.367,0.792,0.807,0.655,0.549,0.372,0.419,0.626,0.385,0.592,0.261,0.775,0.539,0.341,0.447,0.367,0.624,0.626,0.506,0.645,0.736,0.377,0.777,0.442,0.709,0.628,0.401,0.413,0.616,0.339,0.749,0.349,0.266
390,0.071,103.578743,4.57e-05,0,0,0.075,0.989,0.993,0.987,0.883,0.852,0.866,0.787,0.737,0.756,0.132,0.962,0.518,0.106,0.962,0.517,200,200,7|5|29|4|16|8|178|122|169|13|159|168|189|109|197|19|164|191|187|41|46|132|119|149|113|139|65|125|104|36,0.962|0.868|0.811|0.798|0.793|0.779|0.778|0.775|0.766|0.765|0.764|0.764|0.762|0.743|0.739|0.727|0.717|0.712|0.711|0.704|0.702|0.698|0.689|0.688|0.68|0.679|0.677|0.669|0.668|0.661,0.639,0.576,0.356,0.293,0.798,0.868,0.638,0.962,0.779,0.551,0.607,0.457,0.399,0.765,0.323,0.56,0.793,0.4,0.53,0.727,0.489,0.462,0.303,0.473,0.392,0.512,0.637,0.618,0.64,0.811,0.627,0.585,0.554,0.591,0.5,0.395,0.661,0.44,0.584,0.497,0.428,0.704,0.347,0.48,0.569,0.405,0.702,0.508,0.306,0.56,0.451,0.639,0.621,0.351,0.459,0.401,0.559,0.454,0.535,0.576,0.43,0.473,0.334,0.557,0.311,0.677,0.405,0.404,0.591,0.484,0.603,0.299,0.428,0.561,0.358,0.507,0.571,0.504,0.284,0.459,0.406,0.399,0.545,0.257,0.583,0.398,0.653,0.388,0.457,0.497,0.45,0.527,0.389,0.585,0.389,0.424,0.584,0.423,0.554,0.465,0.352,0.452,0.411,0.599,0.668,0.438,0.521,0.479,0.453,0.743,0.326,0.429,0.543,0.68,0.501,0.575,0.54,0.62,0.557,0.689,0.661,0.454,0.775,0.314,0.482,0.669,0.411,0.616,0.611,0.417,0.555,0.446,0.698,0.387,0.579,0.478,0.511,0.221,0.302,0.679,0.467,0.27,0.448,0.404,0.106,0.409,0.512,0.428,0.581,0.688,0.382,0.639,0.608,0.341,0.342,0.66,0.611,0.489,0.475,0.764,0.627,0.512,0.531,0.576,0.717,0.387,0.61,0.379,0.764,0.766,0.63,0.55,0.406,0.402,0.619,0.417,0.571,0.296,0.778,0.564,0.342,0.448,0.383,0.608,0.594,0.489,0.635,0.711,0.411,0.762,0.456,0.712,0.607,0.443,0.425,0.63,0.361,0.739,0.397,0.281
400,0.049,103.6546097,4.48e-05,0,0,0.053,0.983,0.99,0.981,0.886,0.908,0.87,0.796,0.755,0.766,0.139,0.975,0.518,0.116,0.975,0.517,200,200,7|5|4|29|16|8|122|178|159|13|168|109|169|189|41|197|19|46|164|132|187|149|191|65|26|113|125|36|119|104,0.975|0.873|0.82|0.818|0.803|0.803|0.795|0.793|0.789|0.775|0.771|0.769|0.763|0.758|0.745|0.741|0.74|0.719|0.713|0.713|0.71|0.708|0.706|0.705|0.69|0.687|0.686|0.685|0.679|0.676,0.645,0.602,0.372,0.269,0.82,0.873,0.645,0.975,0.803,0.562,0.595,0.447,0.37,0.775,0.33,0.55,0.803,0.402,0.538,0.74,0.486,0.49,0.291,0.476,0.405,0.501,0.69,0.661,0.628,0.818,0.632,0.594,0.554,0.599,0.498,0.406,0.685,0.452,0.588,0.484,0.408,0.745,0.33,0.491,0.58,0.43,0.719,0.486,0.253,0.562,0.469,0.633,0.621,0.336,0.474,0.413,0.56,0.447,0.519,0.564,0.389,0.46,0.317,0.563,0.32,0.705,0.372,0.379,0.606,0.527,0.6,0.281,0.41,0.578,0.349,0.501,0.596,0.504,0.28,0.429,0.391,0.377,0.558,0.24,0.585,0.406,0.63,0.381,0.462,0.501,0.433,0.553,0.389,0.58,0.364,0.418,0.582,0.419,0.547,0.474,0.349,0.451,0.394,0.613,0.676,0.432,0.496,0.504,0.459,0.769,0.304,0.41,0.564,0.687,0.502,0.578,0.546,0.644,0.589,0.679,0.667,0.433,0.795,0.299,0.465,0.686,0.402,0.614,0.597,0.433,0.568,0.435,0.713,0.405,0.566,0.489,0.545,0.174,0.294,0.66,0.462,0.245,0.447,0.396,0.116,0.413,0.541,0.414,0.576,0.708,0.345,0.656,0.613,0.335,0.326,0.673,0.598,0.51,0.447,0.789,0.624,0.515,0.553,0.569,0.713,0.377,0.62,0.355,0.771,0.763,0.628,0.557,0.371,0.43,0.619,0.402,0.559,0.29,0.793,0.568,0.353,0.447,0.374,0.626,0.578,0.507,0.642,0.71,0.406,0.758,0.424,0.706,0.639,0.427,0.42,0.631,0.348,0.741,0.361,0.263
410,0.239,103.8287506,4.4e-05,0,0,0.244,0.948,0.972,0.941,0.877,0.877,0.861,0.794,0.789,0.764,0.127,0.974,0.519,0.105,0.974,0.519,200,200,7|5|29|8|16|122|13|189|159|4|178|169|197|168|109|41|191|187|164|46|119|65|19|113|125|149|132|36|0|139,0.974|0.883|0.814|0.809|0.799|0.796|0.787|0.781|0.78|0.775|0.772|0.771|0.762|0.752|0.749|0.745|0.721|0.715|0.707|0.707|0.706|0.702|0.7|0.694|0.688|0.682|0.678|0.669|0.667|0.66,0.667,0.583,0.366,0.283,0.775,0.883,0.631,0.974,0.809,0.559,0.596,0.453,0.377,0.787,0.313,0.528,0.799,0.397,0.544,0.7,0.476,0.449,0.3,0.475,0.424,0.522,0.658,0.647,0.639,0.814,0.62,0.611,0.594,0.619,0.507,0.398,0.669,0.443,0.588,0.507,0.399,0.745,0.321,0.5,0.567,0.423,0.707,0.5,0.271,0.59,0.411,0.632,0.564,0.366,0.479,0.39,0.585,0.467,0.536,0.584,0.443,0.464,0.336,0.583,0.354,0.702,0.364,0.382,0.587,0.49,0.618,0.279,0.376,0.597,0.358,0.509,0.6,0.522,0.298,0.442,0.403,0.394,0.562,0.255,0.597,0.422,0.653,0.367,0.476,0.502,0.461,0.523,0.395,0.572,0.391,0.409,0.594,0.418,0.562,0.46,0.357,0.46,0.376,0.59,0.652,0.448,0.507,0.522,0.444,0.749,0.32,0.437,0.524,0.694,0.477,0.586,0.522,0.651,0.55,0.706,0.65,0.447,0.796,0.291,0.49,0.688,0.415,0.616,0.618,0.441,0.574,0.455,0.678,0.383,0.596,0.487,0.56,0.2,0.309,0.66,0.472,0.293,0.461,0.43,0.105,0.407,0.522,0.421,0.539,0.682,0.348,0.627,0.605,0.319,0.361,0.655,0.557,0.51,0.422,0.78,0.615,0.49,0.557,0.584,0.707,0.381,0.6,0.358,0.752,0.771,0.654,0.54,0.392,0.41,0.635,0.409,0.573,0.279,0.772,0.538,0.389,0.44,0.351,0.617,0.601,0.5,0.638,0.715,0.385,0.781,0.467,0.721,0.596,0.435,0.437,0.609,0.352,0.762,0.378,0.325
420,0.055,103.932785,4.31e-05,0,0,0.06,0.986,0.991,0.984,0.894,0.908,0.879,0.802,0.77,0.773,0.12,0.971,0.52,0.096,0.971,0.519,200,200,7|5|29|4|159|8|169|16|13|122|178|189|41|168|109|197|164|19|46|65|191|187|132|149|155|119|27|139|36|113,0.971|0.878|0.822|0.819|0.795|0.793|0.79|0.789|0.788|0.78|0.776|0.773|0.762|0.756|0.742|0.739|0.724|0.724|0.723|0.716|0.705|0.704|0.697|0.694|0.678|0.677|0.676|0.675|0.669|0.666,0.626,0.587,0.373,0.28,0.819,0.878,0.619,0.971,0.793,0.566,0.608,0.46,0.385,0.788,0.336,0.532,0.789,0.398,0.57,0.724,0.469,0.496,0.302,0.462,0.411,0.499,0.664,0.676,0.624,0.822,0.611,0.604,0.554,0.613,0.518,0.386,0.669,0.446,0.598,0.494,0.409,0.762,0.387,0.488,0.582,0.418,0.723,0.496,0.28,0.566,0.418,0.62,0.61,0.339,0.504,0.41,0.586,0.45,0.526,0.568,0.41,0.495,0.32,0.579,0.334,0.716,0.354,0.4,0.575,0.478,0.61,0.273,0.407,0.574,0.386,0.516,0.585,0.53,0.3,0.453,0.407,0.392,0.544,0.264,0.58,0.405,0.648,0.373,0.465,0.523,0.461,0.531,0.38,0.599,0.386,0.413,0.571,0.435,0.544,0.467,0.341,0.465,0.387,0.609,0.661,0.434,0.51,0.529,0.441,0.742,0.327,0.444,0.517,0.666,0.515,0.57,0.521,0.637,0.566,0.677,0.658,0.44,0.78,0.294,0.47,0.663,0.411,0.616,0.598,0.423,0.569,0.444,0.697,0.415,0.585,0.468,0.567,0.196,0.311,0.675,0.452,0.28,0.462,0.442,0.096,0.434,0.534,0.437,0.549,0.694,0.358,0.645,0.618,0.32,0.361,0.678,0.58,0.502,0.433,0.795,0.618,0.489,0.552,0.557,0.724,0.389,0.593,0.381,0.756,0.79,0.642,0.542,0.399,0.427,0.632,0.403,0.568,0.304,0.776,0.537,0.379,0.434,0.365,0.619,0.599,0.506,0.641,0.704,0.382,0.773,0.449,0.705,0.617,0.433,0.431,0.626,0.307,0.739,0.369,0.284
430,0.013,103.249054,4.22e-05,0,0,0.018,0.992,0.994,0.991,0.896,0.904,0.88,0.782,0.781,0.75,0.109,0.968,0.516,0.086,0.968,0.515,200,200,7|5|8|159|29|16|168|178|13|169|122|4|109|189|19|197|187|41|164|149|191|46|26|132|65|151|125|113|27|155,0.968|0.861|0.81|0.803|0.802|0.798|0.779|0.778|0.776|0.775|0.774|0.772|0.763|0.748|0.739|0.73|0.726|0.714|0.714|0.709|0.706|0.701|0.698|0.695|0.69|0.676|0.675|0.675|0.673|0.666,0.629,0.574,0.404,0.292,0.772,0.861,0.609,0.968,0.81,0.537,0.587,0.51,0.405,0.776,0.333,0.542,0.798,0.435,0.555,0.739,0.516,0.519,0.29,0.46,0.37,0.448,0.698,0.673,0.603,0.802,0.613,0.615,0.516,0.549,0.492,0.41,0.631,0.448,0.589,0.49,0.417,0.714,0.324,0.506,0.554,0.439,0.701,0.464,0.262,0.576,0.446,0.598,0.626,0.343,0.489,0.389,0.574,0.431,0.525,0.556,0.392,0.45,0.313,0.579,0.317,0.69,0.332,0.386,0.573,0.518,0.617,0.28,0.403,0.568,0.344,0.489,0.578,0.518,0.267,0.415,0.405,0.401,0.543,0.242,0.584,0.397,0.628,0.382,0.455,0.489,0.472,0.513,0.382,0.542,0.404,0.398,0.575,0.396,0.526,0.473,0.343,0.427,0.375,0.615,0.664,0.415,0.506,0.504,0.475,0.763,0.316,0.396,0.578,0.675,0.539,0.576,0.562,0.635,0.577,0.643,0.664,0.456,0.774,0.287,0.478,0.675,0.407,0.63,0.624,0.426,0.573,0.469,0.695,0.412,0.58,0.49,0.525,0.187,0.313,0.643,0.505,0.239,0.426,0.41,0.086,0.405,0.558,0.383,0.597,0.709,0.373,0.676,0.621,0.32,0.327,0.666,0.601,0.534,0.45,0.803,0.626,0.476,0.578,0.541,0.714,0.379,0.622,0.33,0.779,0.775,0.617,0.593,0.422,0.449,0.577,0.37,0.57,0.3,0.778,0.534,0.355,0.475,0.421,0.59,0.601,0.521,0.627,0.726,0.413,0.748,0.446,0.706,0.655,0.41,0.416,0.58,0.352,0.73,0.357,0.289
440,0.021,102.7735443,4.14e-05,0,0,0.026,0.974,0.976,0.97,0.88,0.889,0.862,0.796,0.748,0.766,0.124,0.964,0.514,0.098,0.964,0.513,200,200,7|5|4|13|29|159|8|16|122|169|178|168|41|189|109|197|46|19|65|191|164|187|132|149|113|125|36|139|26|104,0.964|0.846|0.811|0.791|0.79|0.779|0.778|0.778|0.764|0.747|0.745|0.741|0.741|0.734|0.734|0.717|0.707|0.706|0.705|0.7|0.699|0.696|0.696|0.679|0.668|0.667|0.664|0.658|0.65|0.65,0.604,0.587,0.409,0.318,0.811,0.846,0.599,0.964,0.778,0.538,0.599,0.472,0.378,0.791,0.328,0.516,0.778,0.401,0.539,0.706,0.474,0.488,0.331,0.435,0.424,0.503,0.65,0.643,0.61,0.79,0.6,0.601,0.563,0.601,0.52,0.394,0.664,0.442,0.616,0.485,0.436,0.741,0.357,0.503,0.573,0.434,0.707,0.488,0.288,0.569,0.426,0.622,0.6,0.345,0.512,0.385,0.576,0.455,0.539,0.572,0.408,0.47,0.321,0.592,0.326,0.705,0.345,0.362,0.587,0.507,0.608,0.307,0.382,0.59,0.368,0.51,0.582,0.512,0.293,0.425,0.387,0.386,0.552,0.276,0.571,0.386,0.617,0.353,0.471,0.494,0.446,0.537,0.387,0.56,0.396,0.404,0.559,0.424,0.552,0.442,0.365,0.475,0.375,0.609,0.65,0.464,0.484,0.522,0.432,0.734,0.319,0.451,0.528,0.668,0.476,0.563,0.532,0.632,0.549,0.646,0.643,0.44,0.764,0.275,0.482,0.667,0.397,0.613,0.599,0.437,0.548,0.412,0.696,0.427,0.575,0.461,0.545,0.204,0.335,0.658,0.483,0.287,0.463,0.417,0.098,0.403,0.555,0.432,0.531,0.679,0.348,0.622,0.582,0.33,0.375,0.643,0.563,0.516,0.43,0.779,0.584,0.459,0.564,0.525,0.699,0.382,0.597,0.374,0.741,0.747,0.629,0.553,0.376,0.44,0.628,0.392,0.576,0.293,0.745,0.514,0.392,0.46,0.364,0.613,0.585,0.491,0.621,0.696,0.391,0.734,0.445,0.7,0.603,0.412,0.449,0.599,0.364,0.717,0.342,0.331
450,0.006,102.6567688,4.06e-05,0,0,0.011,0.997,0.999,0.997,0.896,0.909,0.881,0.816,0.783,0.789,0.125,0.964,0.513,0.1,0.964,0.512,200,200,7|5|4|29|16|8|159|13|122|169|178|109|189|168|197|41|46|19|187|65|132|191|164|149|113|36|27|125|120|119,0.964|0.85|0.803|0.802|0.79|0.785|0.782|0.774|0.759|0.753|0.751|0.748|0.742|0.74|0.737|0.734|0.722|0.715|0.71|0.704|0.702|0.701|0.695|0.685|0.677|0.675|0.671|0.661|0.658|0.656,0.653,0.582,0.386,0.313,0.803,0.85,0.59,0.964,0.785,0.529,0.615,0.474,0.389,0.774,0.321,0.524,0.79,0.406,0.548,0.715,0.471,0.5,0.33,0.446,0.401,0.494,0.65,0.671,0.601,0.802,0.614,0.627,0.558,0.591,0.507,0.395,0.675,0.431,0.601,0.483,0.413,0.734,0.351,0.494,0.561,0.433,0.722,0.467,0.289,0.571,0.43,0.628,0.612,0.333,0.518,0.385,0.57,0.463,0.525,0.58,0.398,0.453,0.302,0.596,0.301,0.704,0.323,0.394,0.584,0.507,0.615,0.304,0.379,0.57,0.338,0.492,0.593,0.505,0.29,0.426,0.4,0.396,0.549,0.264,0.574,0.4,0.62,0.374,0.469,0.486,0.441,0.533,0.409,0.565,0.396,0.41,0.584,0.423,0.542,0.425,0.345,0.457,0.386,0.619,0.649,0.434,0.493,0.506,0.422,0.748,0.329,0.42,0.546,0.677,0.467,0.572,0.521,0.622,0.567,0.656,0.658,0.448,0.759,0.295,0.479,0.661,0.414,0.615,0.604,0.437,0.543,0.435,0.702,0.399,0.576,0.46,0.543,0.208,0.343,0.655,0.483,0.271,0.457,0.379,0.1,0.401,0.551,0.413,0.551,0.685,0.364,0.621,0.597,0.307,0.351,0.652,0.547,0.516,0.434,0.782,0.59,0.461,0.559,0.539,0.695,0.361,0.6,0.366,0.74,0.753,0.623,0.561,0.366,0.429,0.64,0.384,0.568,0.301,0.751,0.513,0.362,0.455,0.37,0.597,0.589,0.494,0.63,0.71,0.396,0.742,0.433,0.701,0.623,0.41,0.432,0.598,0.364,0.737,0.345,0.306
460,0.275,102.9643784,3.98e-05,0,0,0.279,0.92,0.949,0.909,0.841,0.804,0.819,0.811,0.8,0.784,0.096,0.98,0.515,0.069,0.98,0.514,200,200,7|5|8|16|122|4|29|13|159|189|197|169|168|41|178|109|191|187|19|113|65|46|164|149|119|170|36|132|120|155,0.98|0.896|0.817|0.815|0.807|0.803|0.8|0.798|0.792|0.78|0.775|0.772|0.767|0.759|0.759|0.745|0.73|0.729|0.729|0.726|0.717|0.717|0.713|0.71|0.703|0.689|0.688|0.688|0.68|0.676,0.665,0.633,0.375,0.295,0.803,0.896,0.606,0.98,0.817,0.49,0.621,0.471,0.368,0.798,0.279,0.496,0.815,0.374,0.559,0.729,0.476,0.462,0.333,0.432,0.423,0.489,0.674,0.673,0.613,0.8,0.615,0.638,0.585,0.61,0.503,0.394,0.688,0.422,0.62,0.493,0.45,0.759,0.345,0.501,0.557,0.419,0.717,0.491,0.277,0.598,0.385,0.672,0.592,0.342,0.51,0.379,0.574,0.468,0.539,0.632,0.432,0.476,0.294,0.631,0.301,0.717,0.286,0.358,0.578,0.488,0.656,0.249,0.346,0.605,0.301,0.5,0.625,0.521,0.259,0.441,0.379,0.379,0.567,0.257,0.557,0.371,0.64,0.333,0.515,0.488,0.442,0.562,0.419,0.591,0.394,0.37,0.617,0.399,0.583,0.415,0.341,0.466,0.383,0.605,0.632,0.425,0.491,0.539,0.408,0.745,0.296,0.452,0.53,0.726,0.429,0.6,0.509,0.648,0.545,0.703,0.68,0.444,0.807,0.242,0.525,0.675,0.368,0.635,0.624,0.441,0.579,0.42,0.688,0.385,0.582,0.417,0.593,0.167,0.308,0.668,0.515,0.25,0.466,0.399,0.069,0.367,0.561,0.387,0.524,0.71,0.342,0.603,0.612,0.259,0.367,0.676,0.516,0.525,0.38,0.792,0.595,0.441,0.59,0.521,0.713,0.301,0.635,0.338,0.767,0.772,0.689,0.551,0.35,0.416,0.643,0.346,0.585,0.255,0.759,0.497,0.393,0.459,0.335,0.65,0.622,0.517,0.652,0.729,0.363,0.78,0.451,0.73,0.631,0.427,0.426,0.591,0.318,0.775,0.295,0.313
470,0.009,103.2372818,3.9e-05,0,0,0.013,0.999,0.999,0.998,0.909,0.915,0.896,0.811,0.8,0.783,0.093,0.971,0.516,0.065,0.971,0.516,200,200,7|5|4|16|159|29|13|8|168|169|122|178|109|41|189|46|197|65|187|19|191|164|36|132|139|149|113|26|125|155,0.971|0.878|0.852|0.815|0.802|0.791|0.786|0.783|0.78|0.776|0.776|0.776|0.76|0.757|0.753|0.746|0.73|0.724|0.724|0.714|0.695|0.694|0.69|0.69|0.689|0.682|0.674|0.668|0.664|0.663,0.648,0.606,0.367,0.311,0.852,0.878,0.599,0.971,0.783,0.522,0.607,0.471,0.4,0.786,0.317,0.526,0.815,0.359,0.55,0.714,0.466,0.471,0.321,0.44,0.404,0.493,0.668,0.652,0.598,0.791,0.591,0.606,0.57,0.623,0.514,0.378,0.69,0.443,0.615,0.507,0.418,0.757,0.354,0.495,0.572,0.451,0.746,0.489,0.288,0.598,0.427,0.647,0.609,0.334,0.508,0.375,0.575,0.449,0.519,0.569,0.406,0.47,0.31,0.581,0.322,0.724,0.314,0.392,0.576,0.502,0.608,0.28,0.376,0.579,0.353,0.516,0.588,0.514,0.278,0.44,0.399,0.388,0.555,0.267,0.586,0.402,0.631,0.386,0.456,0.501,0.451,0.527,0.38,0.584,0.387,0.406,0.557,0.43,0.554,0.438,0.344,0.472,0.376,0.615,0.634,0.442,0.47,0.526,0.424,0.76,0.322,0.437,0.534,0.674,0.492,0.584,0.529,0.635,0.554,0.662,0.654,0.44,0.776,0.308,0.471,0.664,0.395,0.615,0.599,0.447,0.575,0.435,0.69,0.398,0.564,0.467,0.568,0.198,0.317,0.689,0.478,0.269,0.476,0.409,0.065,0.408,0.535,0.427,0.553,0.682,0.33,0.63,0.593,0.309,0.353,0.663,0.557,0.508,0.444,0.802,0.6,0.481,0.542,0.548,0.694,0.365,0.623,0.355,0.78,0.776,0.635,0.551,0.391,0.43,0.65,0.389,0.588,0.287,0.776,0.531,0.393,0.462,0.348,0.613,0.598,0.497,0.641,0.724,0.397,0.753,0.452,0.695,0.614,0.403,0.447,0.605,0.358,0.73,0.339,0.291
480,0.02,104.3482666,3.82e-05,0,0,0.024,0.99,0.994,0.989,0.893,0.882,0.877,0.796,0.761,0.767,0.111,0.964,0.522,0.084,0.964,0.521,200,200,7|5|16|168|159|178|29|169|8|122|4|109|189|13|197|19|187|164|41|149|191|46|132|125|26|113|65|119|27|104,0.964|0.888|0.825|0.822|0.81|0.807|0.801|0.8|0.798|0.796|0.795|0.775|0.774|0.76|0.759|0.755|0.752|0.733|0.73|0.725|0.724|0.714|0.713|0.696|0.696|0.695|0.694|0.676|0.674|0.673,0.667,0.598,0.368,0.278,0.795,0.888,0.638,0.964,0.798,0.529,0.597,0.479,0.41,0.76,0.329,0.57,0.825,0.411,0.57,0.755,0.529,0.509,0.291,0.467,0.375,0.473,0.696,0.674,0.626,0.801,0.647,0.625,0.552,0.576,0.473,0.408,0.623,0.45,0.567,0.47,0.397,0.73,0.321,0.486,0.57,0.44,0.714,0.478,0.287,0.584,0.459,0.655,0.606,0.348,0.482,0.394,0.583,0.41,0.53,0.567,0.42,0.466,0.325,0.568,0.329,0.694,0.301,0.419,0.583,0.5,0.638,0.281,0.423,0.554,0.376,0.495,0.581,0.503,0.255,0.418,0.414,0.393,0.537,0.243,0.561,0.405,0.615,0.442,0.447,0.516,0.49,0.524,0.371,0.587,0.401,0.394,0.575,0.406,0.545,0.481,0.358,0.397,0.392,0.59,0.673,0.389,0.52,0.475,0.481,0.775,0.326,0.408,0.589,0.695,0.55,0.59,0.556,0.641,0.596,0.676,0.672,0.458,0.796,0.333,0.489,0.696,0.457,0.65,0.628,0.442,0.598,0.487,0.713,0.393,0.578,0.486,0.53,0.174,0.283,0.667,0.477,0.23,0.417,0.426,0.084,0.383,0.534,0.397,0.592,0.725,0.397,0.661,0.625,0.291,0.322,0.671,0.623,0.518,0.471,0.81,0.636,0.533,0.557,0.575,0.733,0.356,0.647,0.322,0.822,0.8,0.628,0.588,0.449,0.431,0.593,0.383,0.56,0.297,0.807,0.575,0.349,0.48,0.409,0.604,0.606,0.519,0.649,0.752,0.39,0.774,0.441,0.724,0.645,0.371,0.397,0.635,0.334,0.759,0.342,0.27
490,0.04,102.9780579,3.75e-05,0,0,0.043,0.987,0.989,0.985,0.891,0.902,0.876,0.804,0.795,0.776,0.108,0.966,0.515,0.08,0.966,0.514,200,200,7|5|4|16|29|122|168|8|159|13|169|178|197|41|109|189|19|46|187|132|191|164|65|149|113|51|125|36|139|119,0.966|0.874|0.841|0.799|0.796|0.795|0.788|0.783|0.779|0.769|0.76|0.76|0.757|0.755|0.752|0.743|0.731|0.717|0.712|0.71|0.707|0.706|0.706|0.701|0.689|0.684|0.68|0.676|0.672|0.672,0.656,0.636,0.381,0.32,0.841,0.874,0.597,0.966,0.783,0.541,0.619,0.46,0.378,0.769,0.313,0.526,0.799,0.363,0.542,0.731,0.458,0.484,0.333,0.424,0.407,0.519,0.66,0.654,0.586,0.796,0.609,0.606,0.558,0.613,0.517,0.385,0.676,0.432,0.62,0.492,0.439,0.755,0.353,0.478,0.563,0.43,0.717,0.485,0.329,0.591,0.424,0.684,0.592,0.327,0.532,0.378,0.575,0.448,0.52,0.589,0.423,0.472,0.324,0.59,0.312,0.706,0.306,0.361,0.6,0.481,0.653,0.28,0.383,0.57,0.353,0.519,0.59,0.495,0.261,0.441,0.392,0.385,0.561,0.274,0.546,0.364,0.632,0.389,0.471,0.507,0.433,0.525,0.388,0.573,0.38,0.391,0.599,0.402,0.561,0.427,0.354,0.455,0.368,0.596,0.663,0.449,0.483,0.502,0.427,0.752,0.331,0.449,0.527,0.689,0.472,0.579,0.532,0.611,0.559,0.672,0.665,0.433,0.795,0.289,0.482,0.68,0.416,0.625,0.599,0.44,0.565,0.408,0.71,0.389,0.58,0.448,0.552,0.184,0.333,0.672,0.468,0.256,0.467,0.401,0.08,0.393,0.548,0.421,0.53,0.701,0.355,0.608,0.589,0.284,0.361,0.652,0.557,0.496,0.42,0.779,0.587,0.483,0.56,0.542,0.706,0.37,0.635,0.355,0.788,0.76,0.645,0.55,0.369,0.412,0.652,0.374,0.587,0.287,0.76,0.548,0.367,0.443,0.342,0.627,0.615,0.497,0.643,0.712,0.373,0.743,0.426,0.707,0.621,0.412,0.443,0.621,0.351,0.757,0.322,0.291
